,Barcode_x,Cluster,Sample Num_x,init ID_x,merged ID_x,Barcode_y,TSNE-1,TSNE-2,Sample Num_y,init ID_y,merged ID_y,ID,Lineage,Sample
131,AAACGAACAAGCGGTA-1,8,1,AAACGAACAAGCGGTA,AAACGAACAAGCGGTA-1,AAACGAACAAGCGGTA-1,2.758657066991391,3.356155210334252,1,AAACGAACAAGCGGTA,AAACGAACAAGCGGTA-1,AAACGAACAAGCGGTA-1_J2,67,J2
191,AAACTCGCACTTGCGG-2,1,2,AAACTCGCACTTGCGG,AAACTCGCACTTGCGG-2,AAACTCGCACTTGCGG-2,-23.268289077258743,-9.858145185712603,2,AAACTCGCACTTGCGG,AAACTCGCACTTGCGG-2,AAACTCGCACTTGCGG-1_P2,18,P2
69,AAAGATGGTGTCGTCG-1,5,1,AAAGATGGTGTCGTCG,AAAGATGGTGTCGTCG-1,AAAGATGGTGTCGTCG-1,-6.50957654910009,17.636556370785105,1,AAAGATGGTGTCGTCG,AAAGATGGTGTCGTCG-1,AAAGATGGTGTCGTCG-1_J2,40,J2
6,AAAGATGTCGCGTTCT-1,2,1,AAAGATGTCGCGTTCT,AAAGATGTCGCGTTCT-1,AAAGATGTCGCGTTCT-1,26.71066641847856,-1.241580875483394,1,AAAGATGTCGCGTTCT,AAAGATGTCGCGTTCT-1,AAAGATGTCGCGTTCT-1_J2,43,J2
148,AAAGGATCATCCATAG-2,7,2,AAAGGATCATCCATAG,AAAGGATCATCCATAG-2,AAAGGATCATCCATAG-2,-12.082623349015634,31.540679294613682,2,AAAGGATCATCCATAG,AAAGGATCATCCATAG-2,AAAGGATCATCCATAG-1_P2,69,P2
30,AAATGAGGTAGGGTCA-2,3,2,AAATGAGGTAGGGTCA,AAATGAGGTAGGGTCA-2,AAATGAGGTAGGGTCA-2,9.482346344466002,-32.928375181660186,2,AAATGAGGTAGGGTCA,AAATGAGGTAGGGTCA-2,AAATGAGGTAGGGTCA-1_P2,13,P2
58,AACAAAGGTTCTTTCA-2,3,2,AACAAAGGTTCTTTCA,AACAAAGGTTCTTTCA-2,AACAAAGGTTCTTTCA-2,11.740219671474636,-41.03627132168697,2,AACAAAGGTTCTTTCA,AACAAAGGTTCTTTCA-2,AACAAAGGTTCTTTCA-1_P2,40,P2
70,AACAAAGGTTTGAAGA-1,6,1,AACAAAGGTTTGAAGA,AACAAAGGTTTGAAGA-1,AACAAAGGTTTGAAGA-1,6.732621546411839,-14.793772461657875,1,AACAAAGGTTTGAAGA,AACAAAGGTTTGAAGA-1,AACAAAGGTTTGAAGA-1_J2,40,J2
71,AACCGATGTATGAAGT-1,6,1,AACCGATGTATGAAGT,AACCGATGTATGAAGT-1,AACCGATGTATGAAGT-1,21.82412028299053,-22.46469360248655,1,AACCGATGTATGAAGT,AACCGATGTATGAAGT-1,AACCGATGTATGAAGT-1_J2,40,J2
156,AACCTGAGTGTCCTTC-2,13,2,AACCTGAGTGTCCTTC,AACCTGAGTGTCCTTC-2,AACCTGAGTGTCCTTC-2,12.709147397991394,36.2914561787593,2,AACCTGAGTGTCCTTC,AACCTGAGTGTCCTTC-2,AACCTGAGTGTCCTTC-1_P2,73,P2
31,AACGGGACAGGGTAAC-2,11,2,AACGGGACAGGGTAAC,AACGGGACAGGGTAAC-2,AACGGGACAGGGTAAC-2,-22.828979404805654,17.02658437754128,2,AACGGGACAGGGTAAC,AACGGGACAGGGTAAC-2,AACGGGACAGGGTAAC-1_P2,13,P2
59,AAGGAGCTCCTGGAAT-2,1,2,AAGGAGCTCCTGGAAT,AAGGAGCTCCTGGAAT-2,AAGGAGCTCCTGGAAT-2,-22.376102545838258,-1.0686556035045882,2,AAGGAGCTCCTGGAAT,AAGGAGCTCCTGGAAT-2,AAGGAGCTCCTGGAAT-1_P2,40,P2
200,AATACGCTCCCACTTG-2,2,2,AATACGCTCCCACTTG,AATACGCTCCCACTTG-2,AATACGCTCCCACTTG-2,15.010562496475465,-11.392622585496195,2,AATACGCTCCCACTTG,AATACGCTCCCACTTG-2,AATACGCTCCCACTTG-1_P2,71,P2
7,AATGCCAGTGCATTGT-1,10,1,AATGCCAGTGCATTGT,AATGCCAGTGCATTGT-1,AATGCCAGTGCATTGT-1,-24.71231722766005,-23.692798378254732,1,AATGCCAGTGCATTGT,AATGCCAGTGCATTGT-1,AATGCCAGTGCATTGT-1_J2,43,J2
8,AATGCCATCGAACACT-1,12,1,AATGCCATCGAACACT,AATGCCATCGAACACT-1,AATGCCATCGAACACT-1,0.8280911920220316,20.90893763862555,1,AATGCCATCGAACACT,AATGCCATCGAACACT-1,AATGCCATCGAACACT-1_J2,43,J2
183,AATGGAACACGGTTAT-2,1,2,AATGGAACACGGTTAT,AATGGAACACGGTTAT-2,AATGGAACACGGTTAT-2,-3.8548720286161218,-4.0431101243315055,2,AATGGAACACGGTTAT,AATGGAACACGGTTAT-2,AATGGAACACGGTTAT-1_P2,96,P2
32,AATGGCTCAACTTGGT-2,5,2,AATGGCTCAACTTGGT,AATGGCTCAACTTGGT-2,AATGGCTCAACTTGGT-2,-19.86336503475172,30.699700155148392,2,AATGGCTCAACTTGGT,AATGGCTCAACTTGGT-2,AATGGCTCAACTTGGT-1_P2,13,P2
123,ACAAACCAGAAATACC-2,2,2,ACAAACCAGAAATACC,ACAAACCAGAAATACC-2,ACAAACCAGAAATACC-2,7.532487962775076,-4.905066071570751,2,ACAAACCAGAAATACC,ACAAACCAGAAATACC-2,ACAAACCAGAAATACC-1_P2,67,P2
44,ACAATCGAGACCTATC-1,5,1,ACAATCGAGACCTATC,ACAATCGAGACCTATC-1,ACAATCGAGACCTATC-1,-5.613624537196047,23.298139338402272,1,ACAATCGAGACCTATC,ACAATCGAGACCTATC-1,ACAATCGAGACCTATC-1_J2,13,J2
206,ACAATCGTCCTCCAGT-1,9,1,ACAATCGTCCTCCAGT,ACAATCGTCCTCCAGT-1,ACAATCGTCCTCCAGT-1,-19.73467850764047,11.590640609407101,1,ACAATCGTCCTCCAGT,ACAATCGTCCTCCAGT-1,ACAATCGTCCTCCAGT-1_J2,71,J2
73,ACAGACTAGACAACGC-1,6,1,ACAGACTAGACAACGC,ACAGACTAGACAACGC-1,ACAGACTAGACAACGC-1,6.705458438015666,-19.40024578671332,1,ACAGACTAGACAACGC,ACAGACTAGACAACGC-1,ACAGACTAGACAACGC-1_J2,40,J2
0,ACAGGCCAGGTAGGAA-2,11,2,ACAGGCCAGGTAGGAA,ACAGGCCAGGTAGGAA-2,ACAGGCCAGGTAGGAA-2,-24.318714377589284,18.5733853010321,2,ACAGGCCAGGTAGGAA,ACAGGCCAGGTAGGAA-2,ACAGGCCAGGTAGGAA-1_P2,43,P2
198,ACAGGCCTCCTTGACC-1,1,1,ACAGGCCTCCTTGACC,ACAGGCCTCCTTGACC-1,ACAGGCCTCCTTGACC-1,-14.331842003654273,0.9370669540137124,1,ACAGGCCTCCTTGACC,ACAGGCCTCCTTGACC-1,ACAGGCCTCCTTGACC-1_J2,95,J2
189,ACATGCAAGGTTGTTC-1,3,1,ACATGCAAGGTTGTTC,ACATGCAAGGTTGTTC-1,ACATGCAAGGTTGTTC-1,-2.4029352936924577,-38.666252330379216,1,ACATGCAAGGTTGTTC,ACATGCAAGGTTGTTC-1,ACATGCAAGGTTGTTC-1_J2,47,J2
75,ACATGGTTCGTGCTTC-1,6,1,ACATGGTTCGTGCTTC,ACATGGTTCGTGCTTC-1,ACATGGTTCGTGCTTC-1,7.510970911040856,-18.31933300480085,1,ACATGGTTCGTGCTTC,ACATGGTTCGTGCTTC-1,ACATGGTTCGTGCTTC-1_J2,40,J2
9,ACGTGGCCACTGTTAG-1,1,1,ACGTGGCCACTGTTAG,ACGTGGCCACTGTTAG-1,ACGTGGCCACTGTTAG-1,-12.66114839462878,17.082578551248027,1,ACGTGGCCACTGTTAG,ACGTGGCCACTGTTAG-1,ACGTGGCCACTGTTAG-1_J2,43,J2
60,ACGTTAGGTCAGAAAT-2,3,2,ACGTTAGGTCAGAAAT,ACGTTAGGTCAGAAAT-2,ACGTTAGGTCAGAAAT-2,0.4875306419055563,-26.30697487665929,2,ACGTTAGGTCAGAAAT,ACGTTAGGTCAGAAAT-2,ACGTTAGGTCAGAAAT-1_P2,40,P2
33,ACGTTAGTCTTAAGCG-2,1,2,ACGTTAGTCTTAAGCG,ACGTTAGTCTTAAGCG-2,ACGTTAGTCTTAAGCG-2,-1.5368100866581909,-8.29012324307639,2,ACGTTAGTCTTAAGCG,ACGTTAGTCTTAAGCG-2,ACGTTAGTCTTAAGCG-1_P2,13,P2
76,ACTACCCCAGAAGTGC-1,5,1,ACTACCCCAGAAGTGC,ACTACCCCAGAAGTGC-1,ACTACCCCAGAAGTGC-1,-24.13500749768355,20.388990578293434,1,ACTACCCCAGAAGTGC,ACTACCCCAGAAGTGC-1,ACTACCCCAGAAGTGC-1_J2,40,J2
1,ACTACGACATCGGCTG-2,9,2,ACTACGACATCGGCTG,ACTACGACATCGGCTG-2,ACTACGACATCGGCTG-2,-19.867117231023467,11.703140120275624,2,ACTACGACATCGGCTG,ACTACGACATCGGCTG-2,ACTACGACATCGGCTG-1_P2,43,P2
201,ACTACGAGTGCTGTGC-2,9,2,ACTACGAGTGCTGTGC,ACTACGAGTGCTGTGC-2,ACTACGAGTGCTGTGC-2,-30.30201136222714,2.510581258916063,2,ACTACGAGTGCTGTGC,ACTACGAGTGCTGTGC-2,ACTACGAGTGCTGTGC-1_P2,71,P2
157,ACTATTCAGCTACGTT-2,1,2,ACTATTCAGCTACGTT,ACTATTCAGCTACGTT-2,ACTATTCAGCTACGTT-2,-25.39920600957121,-3.8542034870554827,2,ACTATTCAGCTACGTT,ACTATTCAGCTACGTT-2,ACTATTCAGCTACGTT-1_P2,73,P2
132,ACTCGGGAGATCGATA-1,1,1,ACTCGGGAGATCGATA,ACTCGGGAGATCGATA-1,ACTCGGGAGATCGATA-1,-16.47461249477311,-5.940442807749419,1,ACTCGGGAGATCGATA,ACTCGGGAGATCGATA-1,ACTCGGGAGATCGATA-1_J2,67,J2
199,ACTGCGGGTCGTAATC-1,5,1,ACTGCGGGTCGTAATC,ACTGCGGGTCGTAATC-1,ACTGCGGGTCGTAATC-1,2.7454089660020085,28.448098278888825,1,ACTGCGGGTCGTAATC,ACTGCGGGTCGTAATC-1,ACTGCGGGTCGTAATC-1_J2,95,J2
190,ACTTCCGCAATTCTCT-1,5,1,ACTTCCGCAATTCTCT,ACTTCCGCAATTCTCT-1,ACTTCCGCAATTCTCT-1,-13.626796428161533,28.10815162556825,1,ACTTCCGCAATTCTCT,ACTTCCGCAATTCTCT-1,ACTTCCGCAATTCTCT-1_J2,47,J2
77,AGCGATTTCGATGTGT-1,5,1,AGCGATTTCGATGTGT,AGCGATTTCGATGTGT-1,AGCGATTTCGATGTGT-1,-11.295611329548976,29.767386640155102,1,AGCGATTTCGATGTGT,AGCGATTTCGATGTGT-1,AGCGATTTCGATGTGT-1_J2,40,J2
160,AGCGTATTCCAACGCG-1,4,1,AGCGTATTCCAACGCG,AGCGTATTCCAACGCG-1,AGCGTATTCCAACGCG-1,27.28548521085257,14.72909202175843,1,AGCGTATTCCAACGCG,AGCGTATTCCAACGCG-1,AGCGTATTCCAACGCG-1_J2,73,J2
46,AGCGTGCAGATCGAGC-1,8,1,AGCGTGCAGATCGAGC,AGCGTGCAGATCGAGC-1,AGCGTGCAGATCGAGC-1,0.42743163548993945,14.028074768276047,1,AGCGTGCAGATCGAGC,AGCGTGCAGATCGAGC-1,AGCGTGCAGATCGAGC-1_J2,13,J2
161,AGCGTGCAGGCAAGCT-1,1,1,AGCGTGCAGGCAAGCT,AGCGTGCAGGCAAGCT-1,AGCGTGCAGGCAAGCT-1,-19.193069004661783,-5.673107034725264,1,AGCGTGCAGGCAAGCT,AGCGTGCAGGCAAGCT-1,AGCGTGCAGGCAAGCT-1_J2,73,J2
78,AGCGTGCTCGATGTGT-1,1,1,AGCGTGCTCGATGTGT,AGCGTGCTCGATGTGT-1,AGCGTGCTCGATGTGT-1,-5.8215752037299024,-0.42652453735321466,1,AGCGTGCTCGATGTGT,AGCGTGCTCGATGTGT-1,AGCGTGCTCGATGTGT-1_J2,40,J2
207,AGCTGATCAAGGAAGA-1,5,1,AGCTGATCAAGGAAGA,AGCTGATCAAGGAAGA-1,AGCTGATCAAGGAAGA-1,-18.00853183451643,20.406510178880513,1,AGCTGATCAAGGAAGA,AGCTGATCAAGGAAGA-1,AGCTGATCAAGGAAGA-1_J2,71,J2
61,AGCTGTAGTCAGGTGA-2,13,2,AGCTGTAGTCAGGTGA,AGCTGTAGTCAGGTGA-2,AGCTGTAGTCAGGTGA-2,14.578470901346982,38.67641847902373,2,AGCTGTAGTCAGGTGA,AGCTGTAGTCAGGTGA-2,AGCTGTAGTCAGGTGA-1_P2,40,P2
34,AGGCGTCTCCGATTGA-2,2,2,AGGCGTCTCCGATTGA,AGGCGTCTCCGATTGA-2,AGGCGTCTCCGATTGA-2,3.410627272001744,-8.86822084920336,2,AGGCGTCTCCGATTGA,AGGCGTCTCCGATTGA-2,AGGCGTCTCCGATTGA-1_P2,13,P2
193,AGTTTGGCACTAGCCG-1,5,1,AGTTTGGCACTAGCCG,AGTTTGGCACTAGCCG-1,AGTTTGGCACTAGCCG-1,-12.826153770330105,26.745514258557296,1,AGTTTGGCACTAGCCG,AGTTTGGCACTAGCCG-1,AGTTTGGCACTAGCCG-1_J2,18,J2
10,AGTTTGGCATGGGTGA-1,6,1,AGTTTGGCATGGGTGA,AGTTTGGCATGGGTGA-1,AGTTTGGCATGGGTGA-1,4.3983910921962,-12.096233658389545,1,AGTTTGGCATGGGTGA,AGTTTGGCATGGGTGA-1,AGTTTGGCATGGGTGA-1_J2,43,J2
79,AGTTTGGTCGCTTCAC-1,12,1,AGTTTGGTCGCTTCAC,AGTTTGGTCGCTTCAC-1,AGTTTGGTCGCTTCAC-1,-8.92549108615774,1.5919016267843913,1,AGTTTGGTCGCTTCAC,AGTTTGGTCGCTTCAC-1,AGTTTGGTCGCTTCAC-1_J2,40,J2
2,ATAGGCTTCGAGTGTT-2,10,2,ATAGGCTTCGAGTGTT,ATAGGCTTCGAGTGTT-2,ATAGGCTTCGAGTGTT-2,-7.0389336930809305,-18.973697596869897,2,ATAGGCTTCGAGTGTT,ATAGGCTTCGAGTGTT-2,ATAGGCTTCGAGTGTT-1_P2,43,P2
24,ATAGTCGTCGGCTATA-2,5,2,ATAGTCGTCGGCTATA,ATAGTCGTCGGCTATA-2,ATAGTCGTCGGCTATA-2,-20.07535012538664,30.62144269980506,2,ATAGTCGTCGGCTATA,ATAGTCGTCGGCTATA-2,ATAGTCGTCGGCTATA-1_P2,49,P2
80,ATCCAGAGTTCGGGAA-1,3,1,ATCCAGAGTTCGGGAA,ATCCAGAGTTCGGGAA-1,ATCCAGAGTTCGGGAA-1,4.55786610730896,-34.244489201793606,1,ATCCAGAGTTCGGGAA,ATCCAGAGTTCGGGAA-1,ATCCAGAGTTCGGGAA-1_J2,40,J2
28,ATCCCTGCATGTCCCT-1,4,1,ATCCCTGCATGTCCCT,ATCCCTGCATGTCCCT-1,ATCCCTGCATGTCCCT-1,23.22750972767448,21.866659629684037,1,ATCCCTGCATGTCCCT,ATCCCTGCATGTCCCT-1,ATCCCTGCATGTCCCT-1_J2,83,J2
133,ATCCCTGTCATACTTC-1,7,1,ATCCCTGTCATACTTC,ATCCCTGTCATACTTC-1,ATCCCTGTCATACTTC-1,-7.604145563120638,32.47430818038213,1,ATCCCTGTCATACTTC,ATCCCTGTCATACTTC-1,ATCCCTGTCATACTTC-1_J2,67,J2
81,ATTACTCCACGCGCAT-1,7,1,ATTACTCCACGCGCAT,ATTACTCCACGCGCAT-1,ATTACTCCACGCGCAT-1,2.9353592184503694,31.68125175245979,1,ATTACTCCACGCGCAT,ATTACTCCACGCGCAT-1,ATTACTCCACGCGCAT-1_J2,40,J2
186,ATTACTCGTCGTCGCA-2,7,2,ATTACTCGTCGTCGCA,ATTACTCGTCGTCGCA-2,ATTACTCGTCGTCGCA-2,-17.525121741253006,33.923793359994704,2,ATTACTCGTCGTCGCA,ATTACTCGTCGTCGCA-2,ATTACTCGTCGTCGCA-1_P2,47,P2
187,ATTGTGGCATTCACCC-2,11,2,ATTGTGGCATTCACCC,ATTGTGGCATTCACCC-2,ATTGTGGCATTCACCC-2,-35.63400492380621,18.51391917721081,2,ATTGTGGCATTCACCC,ATTGTGGCATTCACCC-2,ATTGTGGCATTCACCC-1_P2,47,P2
11,ATTTGTCAGCTCCGGT-1,10,1,ATTTGTCAGCTCCGGT,ATTTGTCAGCTCCGGT-1,ATTTGTCAGCTCCGGT-1,-22.02325786501415,-20.583634308881887,1,ATTTGTCAGCTCCGGT,ATTTGTCAGCTCCGGT-1,ATTTGTCAGCTCCGGT-1_J2,43,J2
82,CAATCCCTCCCAATAG-1,14,1,CAATCCCTCCCAATAG,CAATCCCTCCCAATAG-1,CAATCCCTCCCAATAG-1,-14.541848383016445,-17.247514460538447,1,CAATCCCTCCCAATAG,CAATCCCTCCCAATAG-1,CAATCCCTCCCAATAG-1_J2,40,J2
12,CACAGATGTGAATACA-1,6,1,CACAGATGTGAATACA,CACAGATGTGAATACA-1,CACAGATGTGAATACA-1,-9.557220707014604,-19.59739119150971,1,CACAGATGTGAATACA,CACAGATGTGAATACA-1,CACAGATGTGAATACA-1_J2,43,J2
83,CACCTGTTCCCGATTC-1,6,1,CACCTGTTCCCGATTC,CACCTGTTCCCGATTC-1,CACCTGTTCCCGATTC-1,16.8799181499105,-26.547883571824908,1,CACCTGTTCCCGATTC,CACCTGTTCCCGATTC-1,CACCTGTTCCCGATTC-1_J2,40,J2
196,CACGTTCCAGAACTTC-2,5,2,CACGTTCCAGAACTTC,CACGTTCCAGAACTTC-2,CACGTTCCAGAACTTC-2,-18.6235795876804,27.880498232209234,2,CACGTTCCAGAACTTC,CACGTTCCAGAACTTC-2,CACGTTCCAGAACTTC-1_P2,48,P2
197,CACGTTCTCGCTTCAC-2,1,2,CACGTTCTCGCTTCAC,CACGTTCTCGCTTCAC-2,CACGTTCTCGCTTCAC-2,-24.038716990715145,-3.337064651115152,2,CACGTTCTCGCTTCAC,CACGTTCTCGCTTCAC-2,CACGTTCTCGCTTCAC-1_P2,48,P2
62,CACTAAGGTCGAGAAC-2,3,2,CACTAAGGTCGAGAAC,CACTAAGGTCGAGAAC-2,CACTAAGGTCGAGAAC-2,-3.179822233038774,-17.47291435094215,2,CACTAAGGTCGAGAAC,CACTAAGGTCGAGAAC-2,CACTAAGGTCGAGAAC-1_P2,40,P2
13,CACTAAGTCATAGGTC-1,8,1,CACTAAGTCATAGGTC,CACTAAGTCATAGGTC-1,CACTAAGTCATAGGTC-1,8.744905946761323,2.6572963727232377,1,CACTAAGTCATAGGTC,CACTAAGTCATAGGTC-1,CACTAAGTCATAGGTC-1_J2,43,J2
84,CACTGAAAGAGAACCC-1,8,1,CACTGAAAGAGAACCC,CACTGAAAGAGAACCC-1,CACTGAAAGAGAACCC-1,3.2681770751119106,0.10883342340923187,1,CACTGAAAGAGAACCC,CACTGAAAGAGAACCC-1,CACTGAAAGAGAACCC-1_J2,40,J2
208,CAGCCTTCATCATAGC-1,13,1,CAGCCTTCATCATAGC,CAGCCTTCATCATAGC-1,CAGCCTTCATCATAGC-1,12.60930260271128,36.51244540240614,1,CAGCCTTCATCATAGC,CAGCCTTCATCATAGC-1,CAGCCTTCATCATAGC-1_J2,71,J2
14,CAGGGCTGTGGGTAGT-1,13,1,CAGGGCTGTGGGTAGT,CAGGGCTGTGGGTAGT-1,CAGGGCTGTGGGTAGT-1,5.402463594655394,32.23416026511911,1,CAGGGCTGTGGGTAGT,CAGGGCTGTGGGTAGT-1,CAGGGCTGTGGGTAGT-1_J2,43,J2
35,CATGTTTGTGTGAGGT-2,8,2,CATGTTTGTGTGAGGT,CATGTTTGTGTGAGGT-2,CATGTTTGTGTGAGGT-2,4.51153852056787,12.02097522225858,2,CATGTTTGTGTGAGGT,CATGTTTGTGTGAGGT-2,CATGTTTGTGTGAGGT-1_P2,13,P2
47,CATTGGACAGTGCTCG-1,6,1,CATTGGACAGTGCTCG,CATTGGACAGTGCTCG-1,CATTGGACAGTGCTCG-1,-4.050756466416291,-23.97379079446301,1,CATTGGACAGTGCTCG,CATTGGACAGTGCTCG-1,CATTGGACAGTGCTCG-1_J2,13,J2
36,CATTGGAGTTTGTGAC-2,6,2,CATTGGAGTTTGTGAC,CATTGGAGTTTGTGAC-2,CATTGGAGTTTGTGAC-2,10.26270006788126,-23.73971270031623,2,CATTGGAGTTTGTGAC,CATTGGAGTTTGTGAC-2,CATTGGAGTTTGTGAC-1_P2,13,P2
27,CCAGAATAGGATCCTT-1,14,1,CCAGAATAGGATCCTT,CCAGAATAGGATCCTT-1,CCAGAATAGGATCCTT-1,-14.506237776319747,-21.97671073763669,1,CCAGAATAGGATCCTT,CCAGAATAGGATCCTT-1,CCAGAATAGGATCCTT-1_J2,8,J2
85,CCGCATTAGCTTACCA-1,6,1,CCGCATTAGCTTACCA,CCGCATTAGCTTACCA-1,CCGCATTAGCTTACCA-1,3.3168368506543064,-19.23550935738484,1,CCGCATTAGCTTACCA,CCGCATTAGCTTACCA-1,CCGCATTAGCTTACCA-1_J2,40,J2
29,CCGCATTCACAATAAG-2,1,2,CCGCATTCACAATAAG,CCGCATTCACAATAAG-2,CCGCATTCACAATAAG-2,0.9869066272874664,-11.351266449216324,2,CCGCATTCACAATAAG,CCGCATTCACAATAAG-2,CCGCATTCACAATAAG-1_P2,14,P2
134,CCTATTACATTGTGAC-1,1,1,CCTATTACATTGTGAC,CCTATTACATTGTGAC-1,CCTATTACATTGTGAC-1,1.8271262278253209,-4.129814967640868,1,CCTATTACATTGTGAC,CCTATTACATTGTGAC-1,CCTATTACATTGTGAC-1_J2,67,J2
162,CCTCCCTAGATCGCCC-1,8,1,CCTCCCTAGATCGCCC,CCTCCCTAGATCGCCC-1,CCTCCCTAGATCGCCC-1,4.252407529882051,2.9052263197563017,1,CCTCCCTAGATCGCCC,CCTCCCTAGATCGCCC-1,CCTCCCTAGATCGCCC-1_J2,73,J2
135,CCTCCCTCAGGGCTTC-1,8,1,CCTCCCTCAGGGCTTC,CCTCCCTCAGGGCTTC-1,CCTCCCTCAGGGCTTC-1,0.039056272821694035,-1.3065687193007731,1,CCTCCCTCAGGGCTTC,CCTCCCTCAGGGCTTC-1,CCTCCCTCAGGGCTTC-1_J2,67,J2
174,CCTTGGTAGTACAGAT-1,5,1,CCTTGGTAGTACAGAT,CCTTGGTAGTACAGAT-1,CCTTGGTAGTACAGAT-1,-11.845329019480891,23.73734340679396,1,CCTTGGTAGTACAGAT,CCTTGGTAGTACAGAT-1,CCTTGGTAGTACAGAT-1_J2,99,J2
124,CCTTGGTCAATTCTCT-2,11,2,CCTTGGTCAATTCTCT,CCTTGGTCAATTCTCT-2,CCTTGGTCAATTCTCT-2,-35.008007503271806,7.680995803476469,2,CCTTGGTCAATTCTCT,CCTTGGTCAATTCTCT-2,CCTTGGTCAATTCTCT-1_P2,67,P2
136,CGAGTTAGTCTCTGCT-1,11,1,CGAGTTAGTCTCTGCT,CGAGTTAGTCTCTGCT-1,CGAGTTAGTCTCTGCT-1,-32.46178627535582,19.102183415402227,1,CGAGTTAGTCTCTGCT,CGAGTTAGTCTCTGCT-1,CGAGTTAGTCTCTGCT-1_J2,67,J2
86,CGCAATAAGGTAAGCC-1,10,1,CGCAATAAGGTAAGCC,CGCAATAAGGTAAGCC-1,CGCAATAAGGTAAGCC-1,-23.042687951084204,-23.383307859391646,1,CGCAATAAGGTAAGCC,CGCAATAAGGTAAGCC-1,CGCAATAAGGTAAGCC-1_J2,40,J2
194,CGCAGGTAGACCATAA-1,1,1,CGCAGGTAGACCATAA,CGCAGGTAGACCATAA-1,CGCAGGTAGACCATAA-1,-13.504732709307795,-4.414430642087403,1,CGCAGGTAGACCATAA,CGCAGGTAGACCATAA-1,CGCAGGTAGACCATAA-1_J2,18,J2
137,CGCAGGTTCCGCTCTA-1,13,1,CGCAGGTTCCGCTCTA,CGCAGGTTCCGCTCTA-1,CGCAGGTTCCGCTCTA-1,13.043503437142473,41.316196311967346,1,CGCAGGTTCCGCTCTA,CGCAGGTTCCGCTCTA-1,CGCAGGTTCCGCTCTA-1_J2,67,J2
3,CGCTAGGCACGCGATC-2,1,2,CGCTAGGCACGCGATC,CGCTAGGCACGCGATC-2,CGCTAGGCACGCGATC-2,2.52006641113908,-8.839256571120472,2,CGCTAGGCACGCGATC,CGCTAGGCACGCGATC-2,CGCTAGGCACGCGATC-1_P2,43,P2
152,CGCTAGGGTAGGGTTG-1,10,1,CGCTAGGGTAGGGTTG,CGCTAGGGTAGGGTTG-1,CGCTAGGGTAGGGTTG-1,-16.591517142044992,-23.952713038051645,1,CGCTAGGGTAGGGTTG,CGCTAGGGTAGGGTTG-1,CGCTAGGGTAGGGTTG-1_J2,9,J2
175,CGCTGGATCCAATAGC-1,11,1,CGCTGGATCCAATAGC,CGCTGGATCCAATAGC-1,CGCTGGATCCAATAGC-1,-32.88006681051518,20.019115842161547,1,CGCTGGATCCAATAGC,CGCTGGATCCAATAGC-1,CGCTGGATCCAATAGC-1_J2,99,J2
158,CGTTCCAGTATCTGCA-2,14,2,CGTTCCAGTATCTGCA,CGTTCCAGTATCTGCA-2,CGTTCCAGTATCTGCA-2,-14.749023468001516,-17.70110810482186,2,CGTTCCAGTATCTGCA,CGTTCCAGTATCTGCA-2,CGTTCCAGTATCTGCA-1_P2,73,P2
163,CTAACTTAGTTGTCCA-1,5,1,CTAACTTAGTTGTCCA,CTAACTTAGTTGTCCA-1,CTAACTTAGTTGTCCA-1,-7.657678252314397,27.89906930967333,1,CTAACTTAGTTGTCCA,CTAACTTAGTTGTCCA-1,CTAACTTAGTTGTCCA-1_J2,73,J2
138,CTAACTTGTTTAAGGA-1,11,1,CTAACTTGTTTAAGGA,CTAACTTGTTTAAGGA-1,CTAACTTGTTTAAGGA-1,-33.53739998628347,18.330120904621058,1,CTAACTTGTTTAAGGA,CTAACTTGTTTAAGGA-1,CTAACTTGTTTAAGGA-1_J2,67,J2
176,CTACTTAGTAAACGGC-1,1,1,CTACTTAGTAAACGGC,CTACTTAGTAAACGGC-1,CTACTTAGTAAACGGC-1,-15.691665492350184,-0.4810944801758033,1,CTACTTAGTAAACGGC,CTACTTAGTAAACGGC-1,CTACTTAGTAAACGGC-1_J2,99,J2
87,CTAGCGGCATCGCCTT-1,5,1,CTAGCGGCATCGCCTT,CTAGCGGCATCGCCTT-1,CTAGCGGCATCGCCTT-1,-7.374178908128383,18.662037970124363,1,CTAGCGGCATCGCCTT,CTAGCGGCATCGCCTT-1,CTAGCGGCATCGCCTT-1_J2,40,J2
195,CTAGGGCCAGGGAGTT-1,11,1,CTAGGGCCAGGGAGTT,CTAGGGCCAGGGAGTT-1,CTAGGGCCAGGGAGTT-1,-31.44596223164961,16.09254035536004,1,CTAGGGCCAGGGAGTT,CTAGGGCCAGGGAGTT-1,CTAGGGCCAGGGAGTT-1_J2,18,J2
48,CTCAGCTAGATCCGAG-1,5,1,CTCAGCTAGATCCGAG,CTCAGCTAGATCCGAG-1,CTCAGCTAGATCCGAG-1,-7.509128692765438,14.811274890506914,1,CTCAGCTAGATCCGAG,CTCAGCTAGATCCGAG-1,CTCAGCTAGATCCGAG-1_J2,13,J2
164,CTGAATGAGAGTTTGA-1,7,1,CTGAATGAGAGTTTGA,CTGAATGAGAGTTTGA-1,CTGAATGAGAGTTTGA-1,-8.301509893716059,29.66512370761651,1,CTGAATGAGAGTTTGA,CTGAATGAGAGTTTGA-1,CTGAATGAGAGTTTGA-1_J2,73,J2
165,CTGCTCAGTCAGGCTC-1,9,1,CTGCTCAGTCAGGCTC,CTGCTCAGTCAGGCTC-1,CTGCTCAGTCAGGCTC-1,-19.131473226354622,7.39119981945158,1,CTGCTCAGTCAGGCTC,CTGCTCAGTCAGGCTC-1,CTGCTCAGTCAGGCTC-1_J2,73,J2
37,CTTAATCAGGATGCCA-2,9,2,CTTAATCAGGATGCCA,CTTAATCAGGATGCCA-2,CTTAATCAGGATGCCA-2,-23.46484782962057,6.0053785441087335,2,CTTAATCAGGATGCCA,CTTAATCAGGATGCCA-2,CTTAATCAGGATGCCA-1_P2,13,P2
4,CTTCCAGCATTTGTTC-2,3,2,CTTCCAGCATTTGTTC,CTTCCAGCATTTGTTC-2,CTTCCAGCATTTGTTC-2,-5.549876728953043,-25.569367253812672,2,CTTCCAGCATTTGTTC,CTTCCAGCATTTGTTC-2,CTTCCAGCATTTGTTC-1_P2,43,P2
88,CTTGAAGAGACGACTG-1,6,1,CTTGAAGAGACGACTG,CTTGAAGAGACGACTG-1,CTTGAAGAGACGACTG-1,-7.306417831005888,-17.13696765768117,1,CTTGAAGAGACGACTG,CTTGAAGAGACGACTG-1,CTTGAAGAGACGACTG-1_J2,40,J2
89,CTTGCCAAGGCCAATG-1,6,1,CTTGCCAAGGCCAATG,CTTGCCAAGGCCAATG-1,CTTGCCAAGGCCAATG-1,3.818615073284042,-15.088723457331838,1,CTTGCCAAGGCCAATG,CTTGCCAAGGCCAATG-1,CTTGCCAAGGCCAATG-1_J2,40,J2
63,CTTGCCATCAGTCTTT-2,6,2,CTTGCCATCAGTCTTT,CTTGCCATCAGTCTTT-2,CTTGCCATCAGTCTTT-2,6.6281731006634965,-16.608409366323713,2,CTTGCCATCAGTCTTT,CTTGCCATCAGTCTTT-2,CTTGCCATCAGTCTTT-1_P2,40,P2
90,CTTGCTGAGCAGAGCT-1,6,1,CTTGCTGAGCAGAGCT,CTTGCTGAGCAGAGCT-1,CTTGCTGAGCAGAGCT-1,-2.2635354751224597,-22.77003773012027,1,CTTGCTGAGCAGAGCT,CTTGCTGAGCAGAGCT-1,CTTGCTGAGCAGAGCT-1_J2,40,J2
209,CTTGCTGTCTATCTCA-1,1,1,CTTGCTGTCTATCTCA,CTTGCTGTCTATCTCA-1,CTTGCTGTCTATCTCA-1,-10.7464318758281,-2.1268308985522597,1,CTTGCTGTCTATCTCA,CTTGCTGTCTATCTCA-1,CTTGCTGTCTATCTCA-1_J2,71,J2
91,CTTGTCGAGCAACTGG-1,6,1,CTTGTCGAGCAACTGG,CTTGTCGAGCAACTGG-1,CTTGTCGAGCAACTGG-1,17.683864393408125,-23.44894364978992,1,CTTGTCGAGCAACTGG,CTTGTCGAGCAACTGG-1,CTTGTCGAGCAACTGG-1_J2,40,J2
92,GAAACAATCAGTGGTT-1,1,1,GAAACAATCAGTGGTT,GAAACAATCAGTGGTT-1,GAAACAATCAGTGGTT-1,-9.825153893275877,-5.8392597968314375,1,GAAACAATCAGTGGTT,GAAACAATCAGTGGTT-1,GAAACAATCAGTGGTT-1_J2,40,J2
177,GAAATGACAATGAAAC-1,5,1,GAAATGACAATGAAAC,GAAATGACAATGAAAC-1,GAAATGACAATGAAAC-1,-18.990431362313306,23.31368468444609,1,GAAATGACAATGAAAC,GAAATGACAATGAAAC-1,GAAATGACAATGAAAC-1_J2,99,J2
93,GAAATGAGTTTGCCAA-1,11,1,GAAATGAGTTTGCCAA,GAAATGAGTTTGCCAA-1,GAAATGAGTTTGCCAA-1,-27.332418733738624,14.137197811527205,1,GAAATGAGTTTGCCAA,GAAATGAGTTTGCCAA-1,GAAATGAGTTTGCCAA-1_J2,40,J2
38,GAAATGATCAAGTTGC-2,1,2,GAAATGATCAAGTTGC,GAAATGATCAAGTTGC-2,GAAATGATCAAGTTGC-2,-5.543787096148889,-10.86153514837285,2,GAAATGATCAAGTTGC,GAAATGATCAAGTTGC-2,GAAATGATCAAGTTGC-1_P2,13,P2
49,GAACGTTTCAGTGTAC-1,6,1,GAACGTTTCAGTGTAC,GAACGTTTCAGTGTAC-1,GAACGTTTCAGTGTAC-1,19.67899730908455,-21.408209887104817,1,GAACGTTTCAGTGTAC,GAACGTTTCAGTGTAC-1,GAACGTTTCAGTGTAC-1_J2,13,J2
139,GAACTTGGTAACGGAC-1,7,1,GAACTTGGTAACGGAC,GAACTTGGTAACGGAC-1,GAACTTGGTAACGGAC-1,-6.049421743528223,30.166534844491164,1,GAACTTGGTAACGGAC,GAACTTGGTAACGGAC-1,GAACTTGGTAACGGAC-1_J2,67,J2
50,GAAGTGGGTCGCGCTA-1,5,1,GAAGTGGGTCGCGCTA,GAAGTGGGTCGCGCTA-1,GAAGTGGGTCGCGCTA-1,-3.4897466795392664,22.448727181072336,1,GAAGTGGGTCGCGCTA,GAAGTGGGTCGCGCTA-1,GAAGTGGGTCGCGCTA-1_J2,13,J2
94,GACCGACTCCAGAATC-1,5,1,GACCGACTCCAGAATC,GACCGACTCCAGAATC-1,GACCGACTCCAGAATC-1,-5.2552351040481575,23.642299114776772,1,GACCGACTCCAGAATC,GACCGACTCCAGAATC-1,GACCGACTCCAGAATC-1_J2,40,J2
95,GACTAACGTGCTGAAG-1,10,1,GACTAACGTGCTGAAG,GACTAACGTGCTGAAG-1,GACTAACGTGCTGAAG-1,-20.66573558231609,-24.57016244038867,1,GACTAACGTGCTGAAG,GACTAACGTGCTGAAG-1,GACTAACGTGCTGAAG-1_J2,40,J2
192,GAGCATTAGAATCAAC-2,7,2,GAGCATTAGAATCAAC,GAGCATTAGAATCAAC-2,GAGCATTAGAATCAAC-2,-10.040336313176095,41.77909683319962,2,GAGCATTAGAATCAAC,GAGCATTAGAATCAAC-2,GAGCATTAGAATCAAC-1_P2,18,P2
16,GAGTGAGTCAGCCGGT-1,12,1,GAGTGAGTCAGCCGGT,GAGTGAGTCAGCCGGT-1,GAGTGAGTCAGCCGGT-1,5.879677717728131,26.798981589292517,1,GAGTGAGTCAGCCGGT,GAGTGAGTCAGCCGGT-1,GAGTGAGTCAGCCGGT-1_J2,43,J2
25,GAGTGAGTCCGAGGAA-1,7,1,GAGTGAGTCCGAGGAA,GAGTGAGTCCGAGGAA-1,GAGTGAGTCCGAGGAA-1,-7.028974895330196,33.381874040017564,1,GAGTGAGTCCGAGGAA,GAGTGAGTCCGAGGAA-1,GAGTGAGTCCGAGGAA-1_J2,49,J2
96,GAGTGAGTCGGCATAT-1,10,1,GAGTGAGTCGGCATAT,GAGTGAGTCGGCATAT-1,GAGTGAGTCGGCATAT-1,-24.64533780064637,-27.40186637730496,1,GAGTGAGTCGGCATAT,GAGTGAGTCGGCATAT-1,GAGTGAGTCGGCATAT-1_J2,40,J2
97,GATGGCCCACTAGCCG-1,6,1,GATGGCCCACTAGCCG,GATGGCCCACTAGCCG-1,GATGGCCCACTAGCCG-1,-6.9111961644279445,-17.075028010395975,1,GATGGCCCACTAGCCG,GATGGCCCACTAGCCG-1,GATGGCCCACTAGCCG-1_J2,40,J2
64,GCAAAGGAGTTGCTTG-2,9,2,GCAAAGGAGTTGCTTG,GCAAAGGAGTTGCTTG-2,GCAAAGGAGTTGCTTG-2,-26.202779243899478,6.992406450812122,2,GCAAAGGAGTTGCTTG,GCAAAGGAGTTGCTTG-2,GCAAAGGAGTTGCTTG-1_P2,40,P2
202,GCACCTTCAGTAACGG-2,1,2,GCACCTTCAGTAACGG,GCACCTTCAGTAACGG-2,GCACCTTCAGTAACGG-2,-7.799893568860455,-2.3956398216591155,2,GCACCTTCAGTAACGG,GCACCTTCAGTAACGG-2,GCACCTTCAGTAACGG-1_P2,71,P2
210,GCACCTTCATGCCTTC-1,12,1,GCACCTTCATGCCTTC,GCACCTTCATGCCTTC-1,GCACCTTCATGCCTTC-1,17.439516513824675,25.23526929840548,1,GCACCTTCATGCCTTC,GCACCTTCATGCCTTC-1,GCACCTTCATGCCTTC-1_J2,71,J2
140,GCATTCCTCATAGGTC-1,11,1,GCATTCCTCATAGGTC,GCATTCCTCATAGGTC-1,GCATTCCTCATAGGTC-1,-35.76979746619958,8.489695101644456,1,GCATTCCTCATAGGTC,GCATTCCTCATAGGTC-1,GCATTCCTCATAGGTC-1_J2,67,J2
98,GCCCAGAGTAGTGATA-1,5,1,GCCCAGAGTAGTGATA,GCCCAGAGTAGTGATA-1,GCCCAGAGTAGTGATA-1,-8.726299498212581,17.245882886891188,1,GCCCAGAGTAGTGATA,GCCCAGAGTAGTGATA-1,GCCCAGAGTAGTGATA-1_J2,40,J2
178,GCCTACTGTACAACGG-1,5,1,GCCTACTGTACAACGG,GCCTACTGTACAACGG-1,GCCTACTGTACAACGG-1,-13.666064846990876,26.35520073119511,1,GCCTACTGTACAACGG,GCCTACTGTACAACGG-1,GCCTACTGTACAACGG-1_J2,99,J2
99,GCGATTATCTGCCGAG-1,5,1,GCGATTATCTGCCGAG,GCGATTATCTGCCGAG-1,GCGATTATCTGCCGAG-1,-7.37296764795703,18.180612062661424,1,GCGATTATCTGCCGAG,GCGATTATCTGCCGAG-1,GCGATTATCTGCCGAG-1_J2,40,J2
166,GCGCATGAGTGTCCCG-1,1,1,GCGCATGAGTGTCCCG,GCGCATGAGTGTCCCG-1,GCGCATGAGTGTCCCG-1,-16.758775580697087,-0.9244402399421664,1,GCGCATGAGTGTCCCG,GCGCATGAGTGTCCCG-1,GCGCATGAGTGTCCCG-1_J2,73,J2
100,GCGCCAATCAATTGGC-1,1,1,GCGCCAATCAATTGGC,GCGCCAATCAATTGGC-1,GCGCCAATCAATTGGC-1,-4.916811673301417,-2.6773641691653745,1,GCGCCAATCAATTGGC,GCGCCAATCAATTGGC-1,GCGCCAATCAATTGGC-1_J2,40,J2
17,GCGGTGTCAAGTTGCT-1,7,1,GCGGTGTCAAGTTGCT,GCGGTGTCAAGTTGCT-1,GCGGTGTCAAGTTGCT-1,-5.920693405488968,37.1097837065529,1,GCGGTGTCAAGTTGCT,GCGGTGTCAAGTTGCT-1,GCGGTGTCAAGTTGCT-1_J2,43,J2
184,GCTCCTATCACTGATG-2,1,2,GCTCCTATCACTGATG,GCTCCTATCACTGATG-2,GCTCCTATCACTGATG-2,-17.969420219376076,-2.2254913845306814,2,GCTCCTATCACTGATG,GCTCCTATCACTGATG-2,GCTCCTATCACTGATG-1_P2,96,P2
101,GCTCGAGTCCCGATTC-1,9,1,GCTCGAGTCCCGATTC,GCTCGAGTCCCGATTC-1,GCTCGAGTCCCGATTC-1,-19.723455459487294,13.08048464776494,1,GCTCGAGTCCCGATTC,GCTCGAGTCCCGATTC-1,GCTCGAGTCCCGATTC-1_J2,40,J2
65,GCTGTTCTCTATCTCA-2,10,2,GCTGTTCTCTATCTCA,GCTGTTCTCTATCTCA-2,GCTGTTCTCTATCTCA-2,-18.65543406425172,-31.36279563272363,2,GCTGTTCTCTATCTCA,GCTGTTCTCTATCTCA-2,GCTGTTCTCTATCTCA-1_P2,40,P2
203,GCTTGCTCAAACGTTC-2,7,2,GCTTGCTCAAACGTTC,GCTTGCTCAAACGTTC-2,GCTTGCTCAAACGTTC-2,-1.0108056730562391,27.490199593940762,2,GCTTGCTCAAACGTTC,GCTTGCTCAAACGTTC-2,GCTTGCTCAAACGTTC-1_P2,71,P2
102,GCTTGCTCACAAACAA-1,5,1,GCTTGCTCACAAACAA,GCTTGCTCACAAACAA-1,GCTTGCTCACAAACAA-1,-14.703013358062297,22.19813493996186,1,GCTTGCTCACAAACAA,GCTTGCTCACAAACAA-1,GCTTGCTCACAAACAA-1_J2,40,J2
151,GCTTTCGGTTGTCGGC-2,13,2,GCTTTCGGTTGTCGGC,GCTTTCGGTTGTCGGC-2,GCTTTCGGTTGTCGGC-2,11.599663481098519,41.489205709146255,2,GCTTTCGGTTGTCGGC,GCTTTCGGTTGTCGGC-2,GCTTTCGGTTGTCGGC-1_P2,9,P2
18,GGAATCTGTTCATTTC-1,1,1,GGAATCTGTTCATTTC,GGAATCTGTTCATTTC-1,GGAATCTGTTCATTTC-1,-9.955942826456042,0.5644160090575896,1,GGAATCTGTTCATTTC,GGAATCTGTTCATTTC-1,GGAATCTGTTCATTTC-1_J2,43,J2
103,GGAATCTTCGTGTGCG-1,6,1,GGAATCTTCGTGTGCG,GGAATCTTCGTGTGCG-1,GGAATCTTCGTGTGCG-1,-6.045401661985401,-19.36616848582975,1,GGAATCTTCGTGTGCG,GGAATCTTCGTGTGCG-1,GGAATCTTCGTGTGCG-1_J2,40,J2
39,GGAGGATCAGAACAGC-2,12,2,GGAGGATCAGAACAGC,GGAGGATCAGAACAGC-2,GGAGGATCAGAACAGC-2,11.938524243201845,28.563423949996928,2,GGAGGATCAGAACAGC,GGAGGATCAGAACAGC-2,GGAGGATCAGAACAGC-1_P2,13,P2
167,GGAGGATGTATTTGCG-1,5,1,GGAGGATGTATTTGCG,GGAGGATGTATTTGCG-1,GGAGGATGTATTTGCG-1,-11.623469449042199,29.03038591841301,1,GGAGGATGTATTTGCG,GGAGGATGTATTTGCG-1,GGAGGATGTATTTGCG-1_J2,73,J2
168,GGATGAGAGGCTTAAA-1,10,1,GGATGAGAGGCTTAAA,GGATGAGAGGCTTAAA-1,GGATGAGAGGCTTAAA-1,-11.39887749245522,-33.842074318517085,1,GGATGAGAGGCTTAAA,GGATGAGAGGCTTAAA-1,GGATGAGAGGCTTAAA-1_J2,73,J2
40,GGCACGTAGAAACGCC-2,2,2,GGCACGTAGAAACGCC,GGCACGTAGAAACGCC-2,GGCACGTAGAAACGCC-2,6.9906535878970395,-8.478697410564344,2,GGCACGTAGAAACGCC,GGCACGTAGAAACGCC-2,GGCACGTAGAAACGCC-1_P2,13,P2
104,GGCATTACATTTGGCA-1,5,1,GGCATTACATTTGGCA,GGCATTACATTTGGCA-1,GGCATTACATTTGGCA-1,-7.59205315340246,17.692559833969266,1,GGCATTACATTTGGCA,GGCATTACATTTGGCA-1,GGCATTACATTTGGCA-1_J2,40,J2
19,GGCGAAAGTTTGATCG-1,5,1,GGCGAAAGTTTGATCG,GGCGAAAGTTTGATCG-1,GGCGAAAGTTTGATCG-1,-12.466117613353145,26.950547877564034,1,GGCGAAAGTTTGATCG,GGCGAAAGTTTGATCG-1,GGCGAAAGTTTGATCG-1_J2,43,J2
105,GGGCCATGTATTTGCG-1,8,1,GGGCCATGTATTTGCG,GGGCCATGTATTTGCG-1,GGGCCATGTATTTGCG-1,11.143596705320297,15.372786051961167,1,GGGCCATGTATTTGCG,GGGCCATGTATTTGCG-1,GGGCCATGTATTTGCG-1_J2,40,J2
66,GGGCCATTCCAGGGAA-2,5,2,GGGCCATTCCAGGGAA,GGGCCATTCCAGGGAA-2,GGGCCATTCCAGGGAA-2,-20.908650112976602,23.75666710848159,2,GGGCCATTCCAGGGAA,GGGCCATTCCAGGGAA-2,GGGCCATTCCAGGGAA-1_P2,40,P2
125,GGGTGTCAGAAGACTT-2,7,2,GGGTGTCAGAAGACTT,GGGTGTCAGAAGACTT-2,GGGTGTCAGAAGACTT-2,-3.887984111672268,31.851950835436053,2,GGGTGTCAGAAGACTT,GGGTGTCAGAAGACTT-2,GGGTGTCAGAAGACTT-1_P2,67,P2
51,GGGTTATGTCATAGCT-1,1,1,GGGTTATGTCATAGCT,GGGTTATGTCATAGCT-1,GGGTTATGTCATAGCT-1,-15.764469106679494,0.07314466366950667,1,GGGTTATGTCATAGCT,GGGTTATGTCATAGCT-1,GGGTTATGTCATAGCT-1_J2,13,J2
41,GGTGAAGGTCTGTCCT-2,12,2,GGTGAAGGTCTGTCCT,GGTGAAGGTCTGTCCT-2,GGTGAAGGTCTGTCCT-2,14.543067014565663,25.460500423989743,2,GGTGAAGGTCTGTCCT,GGTGAAGGTCTGTCCT-2,GGTGAAGGTCTGTCCT-1_P2,13,P2
52,GGTGTCGGTAGCGGTA-1,12,1,GGTGTCGGTAGCGGTA,GGTGTCGGTAGCGGTA-1,GGTGTCGGTAGCGGTA-1,16.23708462819492,25.230437671898798,1,GGTGTCGGTAGCGGTA,GGTGTCGGTAGCGGTA-1,GGTGTCGGTAGCGGTA-1_J2,13,J2
106,GTAATCGTCTTAAGCG-1,10,1,GTAATCGTCTTAAGCG,GTAATCGTCTTAAGCG-1,GTAATCGTCTTAAGCG-1,-20.05740125383489,-24.180325611362704,1,GTAATCGTCTTAAGCG,GTAATCGTCTTAAGCG-1,GTAATCGTCTTAAGCG-1_J2,40,J2
107,GTAGGAGTCCCAGCGA-1,6,1,GTAGGAGTCCCAGCGA,GTAGGAGTCCCAGCGA-1,GTAGGAGTCCCAGCGA-1,4.239775624031067,-15.72793462484506,1,GTAGGAGTCCCAGCGA,GTAGGAGTCCCAGCGA-1,GTAGGAGTCCCAGCGA-1_J2,40,J2
108,GTAGGAGTCTTGTACT-1,1,1,GTAGGAGTCTTGTACT,GTAGGAGTCTTGTACT-1,GTAGGAGTCTTGTACT-1,-3.3677329765173547,1.9696337181545196,1,GTAGGAGTCTTGTACT,GTAGGAGTCTTGTACT-1,GTAGGAGTCTTGTACT-1_J2,40,J2
53,GTCGTAAAGAGCTCCC-1,6,1,GTCGTAAAGAGCTCCC,GTCGTAAAGAGCTCCC-1,GTCGTAAAGAGCTCCC-1,-0.5587320200792396,-19.049637256747058,1,GTCGTAAAGAGCTCCC,GTCGTAAAGAGCTCCC-1,GTCGTAAAGAGCTCCC-1_J2,13,J2
142,GTCGTAATCGCAGATT-1,11,1,GTCGTAATCGCAGATT,GTCGTAATCGCAGATT-1,GTCGTAATCGCAGATT-1,-23.276901418771462,17.044487942313005,1,GTCGTAATCGCAGATT,GTCGTAATCGCAGATT-1,GTCGTAATCGCAGATT-1_J2,67,J2
172,GTGCCAGAGCTCCGGT-2,2,2,GTGCCAGAGCTCCGGT,GTGCCAGAGCTCCGGT-2,GTGCCAGAGCTCCGGT-2,13.201789583462837,-6.601568879077988,2,GTGCCAGAGCTCCGGT,GTGCCAGAGCTCCGGT-2,GTGCCAGAGCTCCGGT-1_P2,99,P2
153,GTGTCAATCTCGGCGA-1,9,1,GTGTCAATCTCGGCGA,GTGTCAATCTCGGCGA-1,GTGTCAATCTCGGCGA-1,-21.796486399903717,0.8896699975693743,1,GTGTCAATCTCGGCGA,GTGTCAATCTCGGCGA-1,GTGTCAATCTCGGCGA-1_J2,9,J2
126,GTGTCCTCACCATTCC-2,2,2,GTGTCCTCACCATTCC,GTGTCCTCACCATTCC-2,GTGTCCTCACCATTCC-2,3.513792091072399,-3.5785165634597544,2,GTGTCCTCACCATTCC,GTGTCCTCACCATTCC-2,GTGTCCTCACCATTCC-1_P2,67,P2
54,GTTACGACAAGCAATA-1,9,1,GTTACGACAAGCAATA,GTTACGACAAGCAATA-1,GTTACGACAAGCAATA-1,-21.68236572962293,11.20904230992,1,GTTACGACAAGCAATA,GTTACGACAAGCAATA-1,GTTACGACAAGCAATA-1_J2,13,J2
55,GTTATTCAGAGAACCC-1,8,1,GTTATTCAGAGAACCC,GTTATTCAGAGAACCC-1,GTTATTCAGAGAACCC-1,5.751560726963692,2.2326694987113065,1,GTTATTCAGAGAACCC,GTTATTCAGAGAACCC-1,GTTATTCAGAGAACCC-1_J2,13,J2
185,GTTGGGCAGATGGGTC-1,11,1,GTTGGGCAGATGGGTC,GTTGGGCAGATGGGTC-1,GTTGGGCAGATGGGTC-1,-35.875660923838275,7.246135354772881,1,GTTGGGCAGATGGGTC,GTTGGGCAGATGGGTC-1,GTTGGGCAGATGGGTC-1_J2,96,J2
180,GTTGGGCGTGAGTAAT-1,13,1,GTTGGGCGTGAGTAAT,GTTGGGCGTGAGTAAT-1,GTTGGGCGTGAGTAAT-1,14.5101025839202,40.2681516299829,1,GTTGGGCGTGAGTAAT,GTTGGGCGTGAGTAAT-1,GTTGGGCGTGAGTAAT-1_J2,99,J2
42,TACATTCCACGTACAT-2,6,2,TACATTCCACGTACAT,TACATTCCACGTACAT-2,TACATTCCACGTACAT-2,10.38507969722304,-18.33265154191881,2,TACATTCCACGTACAT,TACATTCCACGTACAT-2,TACATTCCACGTACAT-1_P2,13,P2
26,TACGCCTGTCTGGGCT-1,1,1,TACGCCTGTCTGGGCT,TACGCCTGTCTGGGCT-1,TACGCCTGTCTGGGCT-1,-19.126101317275328,-5.536234048560797,1,TACGCCTGTCTGGGCT,TACGCCTGTCTGGGCT-1,TACGCCTGTCTGGGCT-1_J2,49,J2
109,TAGACTGGTAACGGCA-1,9,1,TAGACTGGTAACGGCA,TAGACTGGTAACGGCA-1,TAGACTGGTAACGGCA-1,-11.893274971985022,6.329409350244753,1,TAGACTGGTAACGGCA,TAGACTGGTAACGGCA-1,TAGACTGGTAACGGCA-1_J2,40,J2
110,TAGACTGGTTACCCAA-1,6,1,TAGACTGGTTACCCAA,TAGACTGGTTACCCAA-1,TAGACTGGTTACCCAA-1,4.782410949213002,-17.42149882268,1,TAGACTGGTTACCCAA,TAGACTGGTTACCCAA-1,TAGACTGGTTACCCAA-1_J2,40,J2
20,TAGCCCTAGAATGCTA-1,7,1,TAGCCCTAGAATGCTA,TAGCCCTAGAATGCTA-1,TAGCCCTAGAATGCTA-1,-4.976765458647796,34.769664549161185,1,TAGCCCTAGAATGCTA,TAGCCCTAGAATGCTA-1,TAGCCCTAGAATGCTA-1_J2,43,J2
21,TAGCCGGTCTTGGCCT-1,9,1,TAGCCGGTCTTGGCCT,TAGCCGGTCTTGGCCT-1,TAGCCGGTCTTGGCCT-1,-17.731984784027613,9.625515307329634,1,TAGCCGGTCTTGGCCT,TAGCCGGTCTTGGCCT-1,TAGCCGGTCTTGGCCT-1_J2,43,J2
22,TAGGTGTCATTAGCCA-1,6,1,TAGGTGTCATTAGCCA,TAGGTGTCATTAGCCA-1,TAGGTGTCATTAGCCA-1,-6.287561323971442,-17.00539470239284,1,TAGGTGTCATTAGCCA,TAGGTGTCATTAGCCA-1,TAGGTGTCATTAGCCA-1_J2,43,J2
127,TATCTGTAGAACGTCG-2,6,2,TATCTGTAGAACGTCG,TATCTGTAGAACGTCG-2,TATCTGTAGAACGTCG-2,9.810420961976618,-17.69630584266071,2,TATCTGTAGAACGTCG,TATCTGTAGAACGTCG-2,TATCTGTAGAACGTCG-1_P2,67,P2
43,TCAAAGCCATGGTATC-2,8,2,TCAAAGCCATGGTATC,TCAAAGCCATGGTATC-2,TCAAAGCCATGGTATC-2,-5.479619552177447,6.3715895922019925,2,TCAAAGCCATGGTATC,TCAAAGCCATGGTATC-2,TCAAAGCCATGGTATC-1_P2,13,P2
23,TCAAAGCCATTGAACC-1,9,1,TCAAAGCCATTGAACC,TCAAAGCCATTGAACC-1,TCAAAGCCATTGAACC-1,-13.546965748955314,8.402239574566288,1,TCAAAGCCATTGAACC,TCAAAGCCATTGAACC-1,TCAAAGCCATTGAACC-1_J2,43,J2
128,TCACTCGAGGAGTACC-2,7,2,TCACTCGAGGAGTACC,TCACTCGAGGAGTACC-2,TCACTCGAGGAGTACC-2,-0.9268343583126198,27.772955066624505,2,TCACTCGAGGAGTACC,TCACTCGAGGAGTACC-2,TCACTCGAGGAGTACC-1_P2,67,P2
159,TCACTCGCAAACCTAC-2,9,2,TCACTCGCAAACCTAC,TCACTCGCAAACCTAC-2,TCACTCGCAAACCTAC-2,-19.72945668621719,7.4262981893052835,2,TCACTCGCAAACCTAC,TCACTCGCAAACCTAC-2,TCACTCGCAAACCTAC-1_P2,73,P2
181,TCAGGGCCAACTAGAA-1,7,1,TCAGGGCCAACTAGAA,TCAGGGCCAACTAGAA-1,TCAGGGCCAACTAGAA-1,-14.575187639657905,33.35027652560128,1,TCAGGGCCAACTAGAA,TCAGGGCCAACTAGAA-1,TCAGGGCCAACTAGAA-1_J2,99,J2
144,TCAGTCCCACATCATG-1,13,1,TCAGTCCCACATCATG,TCAGTCCCACATCATG-1,TCAGTCCCACATCATG-1,16.46938283546177,27.84229515382829,1,TCAGTCCCACATCATG,TCAGTCCCACATCATG-1,TCAGTCCCACATCATG-1_J2,67,J2
67,TCCCACAGTCCGTGCA-2,11,2,TCCCACAGTCCGTGCA,TCCCACAGTCCGTGCA-2,TCCCACAGTCCGTGCA-2,-24.386440395527774,16.206168104287418,2,TCCCACAGTCCGTGCA,TCCCACAGTCCGTGCA-2,TCCCACAGTCCGTGCA-1_P2,40,P2
169,TCCGACTCACGATATC-1,4,1,TCCGACTCACGATATC,TCCGACTCACGATATC-1,TCCGACTCACGATATC-1,18.028735365995782,4.94753509617499,1,TCCGACTCACGATATC,TCCGACTCACGATATC-1,TCCGACTCACGATATC-1_J2,73,J2
149,TCGAGCGGTAGAAGCC-2,7,2,TCGAGCGGTAGAAGCC,TCGAGCGGTAGAAGCC-2,TCGAGCGGTAGAAGCC-2,-7.35428783997413,36.98919942282979,2,TCGAGCGGTAGAAGCC,TCGAGCGGTAGAAGCC-2,TCGAGCGGTAGAAGCC-1_P2,69,P2
211,TCGAGCGTCCTAAGTG-1,1,1,TCGAGCGTCCTAAGTG,TCGAGCGTCCTAAGTG-1,TCGAGCGTCCTAAGTG-1,-13.45769243536721,-8.203476423970576,1,TCGAGCGTCCTAAGTG,TCGAGCGTCCTAAGTG-1,TCGAGCGTCCTAAGTG-1_J2,71,J2
56,TCGGGACAGTCTCTAG-1,12,1,TCGGGACAGTCTCTAG,TCGGGACAGTCTCTAG-1,TCGGGACAGTCTCTAG-1,14.491271669112587,30.129130639064908,1,TCGGGACAGTCTCTAG,TCGGGACAGTCTCTAG-1,TCGGGACAGTCTCTAG-1_J2,13,J2
170,TCTCAGCAGTGAGCTG-1,1,1,TCTCAGCAGTGAGCTG,TCTCAGCAGTGAGCTG-1,TCTCAGCAGTGAGCTG-1,-17.564445665008595,-4.664969715867898,1,TCTCAGCAGTGAGCTG,TCTCAGCAGTGAGCTG-1,TCTCAGCAGTGAGCTG-1_J2,73,J2
154,TGAATCGGTGCATTGT-1,1,1,TGAATCGGTGCATTGT,TGAATCGGTGCATTGT-1,TGAATCGGTGCATTGT-1,-17.290079122627365,-5.5657167989792375,1,TGAATCGGTGCATTGT,TGAATCGGTGCATTGT-1,TGAATCGGTGCATTGT-1_J2,9,J2
111,TGAGCCGTCAGTGGTT-1,4,1,TGAGCCGTCAGTGGTT,TGAGCCGTCAGTGGTT-1,TGAGCCGTCAGTGGTT-1,20.361924556236666,-0.7442271159595149,1,TGAGCCGTCAGTGGTT,TGAGCCGTCAGTGGTT-1,TGAGCCGTCAGTGGTT-1_J2,40,J2
112,TGATCAGGTAGGGTTG-1,6,1,TGATCAGGTAGGGTTG,TGATCAGGTAGGGTTG-1,TGATCAGGTAGGGTTG-1,-7.511833825212079,-20.4274908275612,1,TGATCAGGTAGGGTTG,TGATCAGGTAGGGTTG-1,TGATCAGGTAGGGTTG-1_J2,40,J2
113,TGATCAGTCCCTACCA-1,8,1,TGATCAGTCCCTACCA,TGATCAGTCCCTACCA-1,TGATCAGTCCCTACCA-1,-1.9197480517693213,9.426616733131196,1,TGATCAGTCCCTACCA,TGATCAGTCCCTACCA-1,TGATCAGTCCCTACCA-1_J2,40,J2
114,TGATGCATCTTAATCC-1,9,1,TGATGCATCTTAATCC,TGATGCATCTTAATCC-1,TGATGCATCTTAATCC-1,-22.939155870036316,6.576940743109182,1,TGATGCATCTTAATCC,TGATGCATCTTAATCC-1,TGATGCATCTTAATCC-1_J2,40,J2
129,TGATTTCAGCTACGTT-2,7,2,TGATTTCAGCTACGTT,TGATTTCAGCTACGTT-2,TGATTTCAGCTACGTT-2,-16.59303682656177,40.27859810905048,2,TGATTTCAGCTACGTT,TGATTTCAGCTACGTT-2,TGATTTCAGCTACGTT-1_P2,67,P2
5,TGATTTCAGTAGACCG-2,7,2,TGATTTCAGTAGACCG,TGATTTCAGTAGACCG-2,TGATTTCAGTAGACCG-2,-1.5436319994010077,26.26410839572409,2,TGATTTCAGTAGACCG,TGATTTCAGTAGACCG-2,TGATTTCAGTAGACCG-1_P2,43,P2
182,TGCTTTACACATATCG-1,11,1,TGCTTTACACATATCG,TGCTTTACACATATCG-1,TGCTTTACACATATCG-1,-31.491909588557128,21.94183462947683,1,TGCTTTACACATATCG,TGCTTTACACATATCG-1,TGCTTTACACATATCG-1_J2,99,J2
204,TGGCAATCACTTATGG-2,9,2,TGGCAATCACTTATGG,TGGCAATCACTTATGG-2,TGGCAATCACTTATGG-2,-30.860915768646088,2.1421977575116347,2,TGGCAATCACTTATGG,TGGCAATCACTTATGG-2,TGGCAATCACTTATGG-1_P2,71,P2
115,TGGGTGCGTAGAAAGG-1,5,1,TGGGTGCGTAGAAAGG,TGGGTGCGTAGAAAGG-1,TGGGTGCGTAGAAAGG-1,-14.659618767083595,25.920784095564763,1,TGGGTGCGTAGAAAGG,TGGGTGCGTAGAAAGG-1,TGGGTGCGTAGAAAGG-1_J2,40,J2
150,TGGTCCTAGACGTCAG-2,11,2,TGGTCCTAGACGTCAG,TGGTCCTAGACGTCAG-2,TGGTCCTAGACGTCAG-2,-34.308740858966075,17.891962951933127,2,TGGTCCTAGACGTCAG,TGGTCCTAGACGTCAG-2,TGGTCCTAGACGTCAG-1_P2,69,P2
145,TGTGACATCCAACAAC-1,8,1,TGTGACATCCAACAAC,TGTGACATCCAACAAC-1,TGTGACATCCAACAAC-1,11.0461842529884,7.998261438527439,1,TGTGACATCCAACAAC,TGTGACATCCAACAAC-1,TGTGACATCCAACAAC-1_J2,67,J2
155,TGTGTCCCAAAGGTCG-1,10,1,TGTGTCCCAAAGGTCG,TGTGTCCCAAAGGTCG-1,TGTGTCCCAAAGGTCG-1,-22.56246964866234,-22.147901078439435,1,TGTGTCCCAAAGGTCG,TGTGTCCCAAAGGTCG-1,TGTGTCCCAAAGGTCG-1_J2,9,J2
116,TGTTAGGGTCTGTTGA-1,14,1,TGTTAGGGTCTGTTGA,TGTTAGGGTCTGTTGA-1,TGTTAGGGTCTGTTGA-1,-12.938496878325035,-16.604545945703663,1,TGTTAGGGTCTGTTGA,TGTTAGGGTCTGTTGA-1,TGTTAGGGTCTGTTGA-1_J2,40,J2
146,TTACGGAAGAGAATTC-1,1,1,TTACGGAAGAGAATTC,TTACGGAAGAGAATTC-1,TTACGGAAGAGAATTC-1,-16.82609808928395,-0.9961118343075284,1,TTACGGAAGAGAATTC,TTACGGAAGAGAATTC-1,TTACGGAAGAGAATTC-1_J2,67,J2
117,TTACGGACAGATAAGT-1,2,1,TTACGGACAGATAAGT,TTACGGACAGATAAGT-1,TTACGGACAGATAAGT-1,6.807866904405787,-0.7860317255525678,1,TTACGGACAGATAAGT,TTACGGACAGATAAGT-1,TTACGGACAGATAAGT-1_J2,40,J2
118,TTAGCGAAGGAGGCGA-1,5,1,TTAGCGAAGGAGGCGA,TTAGCGAAGGAGGCGA-1,TTAGCGAAGGAGGCGA-1,-8.860531243463326,17.769824302105665,1,TTAGCGAAGGAGGCGA,TTAGCGAAGGAGGCGA-1,TTAGCGAAGGAGGCGA-1_J2,40,J2
57,TTAGGTGCAACTAGAA-1,7,1,TTAGGTGCAACTAGAA,TTAGGTGCAACTAGAA-1,TTAGGTGCAACTAGAA-1,-1.8947074025209385,32.7201666664564,1,TTAGGTGCAACTAGAA,TTAGGTGCAACTAGAA-1,TTAGGTGCAACTAGAA-1_J2,13,J2
119,TTAGGTGTCTCCTTGG-1,9,1,TTAGGTGTCTCCTTGG,TTAGGTGTCTCCTTGG-1,TTAGGTGTCTCCTTGG-1,-19.385705883254744,10.74968251174576,1,TTAGGTGTCTCCTTGG,TTAGGTGTCTCCTTGG-1,TTAGGTGTCTCCTTGG-1_J2,40,J2
120,TTCAACTGTAAAGGCC-1,5,1,TTCAACTGTAAAGGCC,TTCAACTGTAAAGGCC-1,TTCAACTGTAAAGGCC-1,-6.676871344815793,18.412244476335296,1,TTCAACTGTAAAGGCC,TTCAACTGTAAAGGCC-1,TTCAACTGTAAAGGCC-1_J2,40,J2
147,TTCGATTAGATTGACA-1,8,1,TTCGATTAGATTGACA,TTCGATTAGATTGACA-1,TTCGATTAGATTGACA-1,11.551854275327814,5.841833944633977,1,TTCGATTAGATTGACA,TTCGATTAGATTGACA-1,TTCGATTAGATTGACA-1_J2,67,J2
205,TTCGATTTCTTACGGA-2,7,2,TTCGATTTCTTACGGA,TTCGATTTCTTACGGA-2,TTCGATTTCTTACGGA-2,-13.196113820786286,37.50311866806402,2,TTCGATTTCTTACGGA,TTCGATTTCTTACGGA-2,TTCGATTTCTTACGGA-1_P2,71,P2
173,TTCGTTAAGAGAGGTA-2,11,2,TTCGTTAAGAGAGGTA,TTCGTTAAGAGAGGTA-2,TTCGTTAAGAGAGGTA-2,-35.72559586729176,17.05851407563631,2,TTCGTTAAGAGAGGTA,TTCGTTAAGAGAGGTA-2,TTCGTTAAGAGAGGTA-1_P2,99,P2
68,TTGAGCACAGCCGAAA-2,9,2,TTGAGCACAGCCGAAA,TTGAGCACAGCCGAAA-2,TTGAGCACAGCCGAAA-2,-30.36249755495151,4.440656333052353,2,TTGAGCACAGCCGAAA,TTGAGCACAGCCGAAA-2,TTGAGCACAGCCGAAA-1_P2,40,P2
212,TTGCAGAAGGTTCGTT-1,1,1,TTGCAGAAGGTTCGTT,TTGCAGAAGGTTCGTT-1,TTGCAGAAGGTTCGTT-1,-10.892447209731195,-5.7219206795668045,1,TTGCAGAAGGTTCGTT,TTGCAGAAGGTTCGTT-1,TTGCAGAAGGTTCGTT-1_J2,71,J2
121,TTGCGGGGTGTGCTTA-1,7,1,TTGCGGGGTGTGCTTA,TTGCGGGGTGTGCTTA-1,TTGCGGGGTGTGCTTA-1,-8.308556115664254,35.0683141748393,1,TTGCGGGGTGTGCTTA,TTGCGGGGTGTGCTTA-1,TTGCGGGGTGTGCTTA-1_J2,40,J2
213,TTTGAGGAGGATTGCG-1,7,1,TTTGAGGAGGATTGCG,TTTGAGGAGGATTGCG-1,TTTGAGGAGGATTGCG-1,-6.256363695944326,32.38990009313457,1,TTTGAGGAGGATTGCG,TTTGAGGAGGATTGCG-1,TTTGAGGAGGATTGCG-1_J2,71,J2
