Name,Sequence 5',Gene,Strand,MT Position
gene60922_0,TGTTTATGGGGTGATGTGAG,gene60922,-,646
gene60923_349,CTGAGCAAGAGGTGGTGAGG,gene60923,-,1251
gene60923_830,TGCTGCGTGCTTGATGCTTG,gene60923,-,770
gene60923_499,TAGGGCTAAGCATAGTGGGG,gene60923,-,1101
gene60923_0,GTTCGTCCAAGTGCACTTTC,gene60923,-,1600
R8,TCATAAGGGCTATCGTAGTTTTC,gene60923,-,1401
R1,ACTTGGGTTAATCGTGTGACC,gene60923,-,920
gene60924_0,TCAGAGCGGTCAAGTTAAGT,gene60924,-,1669
gene60925_673,TGTCACTGGGCAGGCGGTGC,gene60925,-,2555
gene60925_823,TGACTTGTTGGTTGATTGTA,gene60925,-,2405
gene60925_973,AGGAGTTCAGTTATATGTTT,gene60925,-,2255
gene60925_373,GCATGTACTGCTCGGAGGTT,gene60925,-,2855
gene60925_0,AAACCCTGTTCTTGGGTGGG,gene60925,-,3228
gene60925_1123,TCTTTGGACTAACAGTTAAA,gene60925,-,2105
gene60925_1273,ACATAGACGGGTGTGCTCTT,gene60925,-,1955
gene60925_523,TATGCCCGCCTCTTCACGGG,gene60925,-,2705
gene60925_150,CGGTCTGAACTCAGATCACG,gene60925,-,3078
gene60925_1423,ATTTTTCATCTTTCCCTTGC,gene60925,-,1805
F36,AATGGTTTGGCTAAGGTTGT,gene60925,-,1728
R12,ATGTCCTGATCCAACATCGAG,gene60925,-,3005
gene60926_0,TGTTAAGAAGAGGAATTGAA,gene60926,-,3303
gene60927_150,AGGGAGGTTAGAAGTAGGGT,gene60927,-,4111
gene60927_855,CGTAGTTGTATATAGCCTAG,gene60927,-,3406
gene60927_0,TAGGTTTGAGGGGGAATGCT,gene60927,-,4261
R13,AGAAGAGCGATGGTGAGAGC,gene60927,-,3556
gene60927_600,GATCAGAGGATTGAGTAAAC,gene60927,-,3661
gene60927_450,TGTGTTGTGATAAGGGTGGA,gene60927,-,3811
gene60927_300,GGGCCTGCGGCGTATTCGAT,gene60927,-,3961
gene60928_0,TAGAAATAAGGGGGTTTAAG,gene60928,-,4330
gene60929_0,CTAGGACTATGAGAATCGAA,gene60929,+,4328
gene60930_0,TAGTACGGGAAGGGTATAAC,gene60930,-,4468
gene60931_150,AGATTAGGCGTAGGTAGAAG,gene60931,-,5360
gene60931_0,ATAAGATTATTAGTATAAAA,gene60931,-,5510
gene60931_750,TTATTAATGATGAGTATTGA,gene60931,-,4760
gene60931_900,TTTTTTTGGTTAGAACTGGA,gene60931,-,4610
gene60931_600,AGGGAGAGATTTGGTATATG,gene60931,-,4910
gene60931_300,GGGTGGATGGAATTAAGGGT,gene60931,-,5210
gene60931_450,GGTTGTACGGTAGAACTGCT,gene60931,-,5060
gene60932_0,CAGAAATTAAGTATTGCAAC,gene60932,-,5578
gene60933_0,TAAGGACTGCAAAACCCCAC,gene60933,+,5586
F46,TAAGCACCCTAATCAACTGGC,gene60934,+,5699
F62,ATATGAAAATCACCTCGGAGC,gene60935,+,5804
gene60936_0,TGGTAAAAAGAGGCCTAACC,gene60936,+,5825
R15,ATAGTGATGCCAGCAGCTAGG,gene60937,-,6525
gene60937_1219,GAGGGAGGTAAGAGTCAGAA,gene60937,-,6225
gene60937_640,GTGTCTACGTCTATTCCTAC,gene60937,-,6804
gene60937_1369,ACGATAACGTTGTAGATGTG,gene60937,-,6075
gene60937_490,CCTACGGTGAAAAGAAAGAT,gene60937,-,6954
R16,TTTCATGTGGTGTATGCATCG,gene60937,-,7254
gene60937_340,GAGAATAGGGGAAATCAGTG,gene60937,-,7104
R22,AGTTACAATATGGGAGATTATTCC,gene60937,-,6679
gene60937_0,TCTAGATTTTATGTATACGG,gene60937,-,7444
gene60937_1069,ATAGAGGAGACACCTGCTAG,gene60937,-,6375
gene60938_0,CAAAAAAGGAAGGAATCGAA,gene60938,+,7445
gene60939_0,TAAGATATATAGGATTTAGC,gene60939,-,7584
R17,GGGCAGGATAGTTCAGACGG,gene60940,-,7791
R23,ATCTGTTTTTAAGCCTAATGTGG,gene60940,-,8103
gene60940_0,CTATAGGGTAAATACGGGCC,gene60940,-,8268
gene60940_627,CTCTTCTATGATAGGGGAAG,gene60940,-,7641
gene60940_315,AAGTATGTAGGAGTTGAAGA,gene60940,-,7953
gene60941_0,TCACTGTAAAGAGGTGTTGG,gene60941,-,8363
gene60942_0,CTAGGATTGTGGGGGCAATG,gene60942,-,8571
gene60942_150,TGTAAGGAGTATGGGGGTAA,gene60942,-,8421
gene60943_298,AAGTGGGCTAGGGCATTTTT,gene60943,-,8908
gene60943_0,TTATGTGTTGTCGTGCAGGT,gene60943,-,9206
gene60943_448,AAAATGATTAAGGATACTAG,gene60943,-,8758
R19,GTGGCGCTTCCAATTAGGTG,gene60943,-,9058
gene60943_598,GGGGGAAATAGAATGATCAG,gene60943,-,8608
gene60944_0,AAGACCCTCATCAATAGATG,gene60944,-,9989
R21,GAAAGTTGAGCCAATAATGACG,gene60944,-,9847
gene60944_442,CCCTCCTAATTGGGGGGTAG,gene60944,-,9547
R20,GTGCTTTCTCGTGTTACATCG,gene60944,-,9402
gene60944_292,AAGCAGTGCTTGAATTATTT,gene60944,-,9697
gene60945_0,TACTCTTTTTTGAATGTTGT,gene60945,-,10057
gene60946_275,AGTCAAAATGTAATAATTAT,gene60946,-,10128
R24,GGTAAAAGGAGGGCAATTTCT,gene60946,-,10278
gene60946_0,ATTCGGTTCAGTCTAATCCT,gene60946,-,10403
gene60947_0,TTGGTAAATATGATTATCAT,gene60947,-,10468
gene60948_150,GAGGGTTATGAGAGTAGCTA,gene60948,-,10615
gene60948_0,TTAGCATTGGAGTAGGTTTA,gene60948,-,10765
gene60949_300,GTCATCAAAAAGCTATTAGT,gene60949,-,11836
gene60949_687,GTACTATTGACCCAGCGATG,gene60949,-,11449
gene60949_987,CCAAGGTGGGGATAAGTGTG,gene60949,-,11149
gene60949_837,GAGTGAGTAGTAGAATGTTT,gene60949,-,11299
gene60949_150,TGTAGAGGGAGTATAGGGCT,gene60949,-,11986
gene60949_450,TGAAGCTTCAGGGGGTTTGG,gene60949,-,11686
gene60949_0,AAGAGGAAAACCCGGTAATG,gene60949,-,12136
gene60949_1287,TGTGGGTGGTTGTGTTGATT,gene60949,-,10849
R2,CTGTTTGTCGTAGGCAGATGG,gene60949,-,11599
gene60949_1137,GGCTTGCCATGATTGTGAGG,gene60949,-,10999
gene60950_0,GGTAAATAAGGGGTCGTAAG,gene60950,-,12205
gene60951_0,TGAGAAAGCCATGTTGTTAG,gene60951,-,12264
gene60952_0,TACTTTTATTTGGAGTTGCA,gene60952,-,12335
gene60953_450,AATGGGGTTTAGTAGGGTGG,gene60953,-,13697
R4,AGCGGATGAGTAAGAAGATTCC,gene60953,-,13122
R11,ACGAACAATGCTACAGGGATG,gene60953,-,12622
gene60953_600,TGTGTATGATATGTTTGCGG,gene60953,-,13547
R5,TTGAAGAAGGCGTGGGTACAG,gene60953,-,13342
gene60953_300,GAGGTCTAGGGCTGTTAGAA,gene60953,-,13847
R3,GATATCGCCGATACGGTTG,gene60953,-,12875
gene60953_750,TTGTTCATTGTTAAGGTTGT,gene60953,-,13397
gene60953_955,AGAGTGGTGATAGCGCCTAA,gene60953,-,13192
gene60953_1675,ATAATAAAGGTGGATGCGAC,gene60953,-,12472
R9,GCTGTGTTGGCATCTGCTC,gene60953,-,12835
gene60953_150,GTCTAGGAGGAGTAGGGGCA,gene60953,-,13997
gene60953_0,TTATGTGATTAGGAGTAGGG,gene60953,-,14147
gene60953_1175,GTGGGGTGAGGCTTGGATTA,gene60953,-,12972
gene60953_1462,AACTGATTAATGTTTGGGTC,gene60953,-,12685
F33,CCTTCATAAATTATTCAGCTTCCT,gene60954,+,14287
gene60954_0,CCTATTCCCCCGAGCAATCT,gene60954,+,14148
gene60954_471,CCCCACAAACCCCATTACTA,gene60954,+,14619
F21,TCCAAAGACAACCATCATTCC,gene60954,+,14469
F34,CAATGATATGAAAAACCATCGTT,gene60955,+,14700
R10,GGATGGCGGATAGTAAGTTTGT,gene60956,-,15205
gene60956_150,CTGCGGCTAGGAGTCAATAA,gene60956,-,15736
R6,TTATCGGAATGGGAGGTGATTC,gene60956,-,15395
gene60956_300,GAATTGTGTAGGCGAATAGG,gene60956,-,15586
gene60956_981,GCATGGCTAGGAATAGTCCT,gene60956,-,14905
gene60956_831,AATATAGGCCTCGCCCGATG,gene60956,-,15055
gene60956_0,AGGCCCATTTGAGTATTTTG,gene60956,-,15886
gene60957_0,TGTCCTTGGAAAAAGGTTTT,gene60957,-,15952
gene60958_0,TCAGAGAAAAAGTCTTTAAC,gene60958,+,15955
