Name,Sequence 5',Gene,Strand,MT Position,Sequence 5' with tag,Name with tag
gene60922_0,TGTTTATGGGGTGATGTGAG,gene60922,-,646,AAGCAGTGGTATCAACGCAGAGTACTGTTTATGGGGTGATGTGAG,tag_gene60922_0
gene60923_349,CTGAGCAAGAGGTGGTGAGG,gene60923,-,1251,AAGCAGTGGTATCAACGCAGAGTACCTGAGCAAGAGGTGGTGAGG,tag_gene60923_349
gene60923_830,TGCTGCGTGCTTGATGCTTG,gene60923,-,770,AAGCAGTGGTATCAACGCAGAGTACTGCTGCGTGCTTGATGCTTG,tag_gene60923_830
gene60923_499,TAGGGCTAAGCATAGTGGGG,gene60923,-,1101,AAGCAGTGGTATCAACGCAGAGTACTAGGGCTAAGCATAGTGGGG,tag_gene60923_499
gene60923_0,GTTCGTCCAAGTGCACTTTC,gene60923,-,1600,AAGCAGTGGTATCAACGCAGAGTACGTTCGTCCAAGTGCACTTTC,tag_gene60923_0
R8,TCATAAGGGCTATCGTAGTTTTC,gene60923,-,1401,AAGCAGTGGTATCAACGCAGAGTACTCATAAGGGCTATCGTAGTTTTC,tag_R8
R1,ACTTGGGTTAATCGTGTGACC,gene60923,-,920,AAGCAGTGGTATCAACGCAGAGTACACTTGGGTTAATCGTGTGACC,tag_R1
gene60924_0,TCAGAGCGGTCAAGTTAAGT,gene60924,-,1669,AAGCAGTGGTATCAACGCAGAGTACTCAGAGCGGTCAAGTTAAGT,tag_gene60924_0
gene60925_673,TGTCACTGGGCAGGCGGTGC,gene60925,-,2555,AAGCAGTGGTATCAACGCAGAGTACTGTCACTGGGCAGGCGGTGC,tag_gene60925_673
gene60925_823,TGACTTGTTGGTTGATTGTA,gene60925,-,2405,AAGCAGTGGTATCAACGCAGAGTACTGACTTGTTGGTTGATTGTA,tag_gene60925_823
gene60925_973,AGGAGTTCAGTTATATGTTT,gene60925,-,2255,AAGCAGTGGTATCAACGCAGAGTACAGGAGTTCAGTTATATGTTT,tag_gene60925_973
gene60925_373,GCATGTACTGCTCGGAGGTT,gene60925,-,2855,AAGCAGTGGTATCAACGCAGAGTACGCATGTACTGCTCGGAGGTT,tag_gene60925_373
gene60925_0,AAACCCTGTTCTTGGGTGGG,gene60925,-,3228,AAGCAGTGGTATCAACGCAGAGTACAAACCCTGTTCTTGGGTGGG,tag_gene60925_0
gene60925_1123,TCTTTGGACTAACAGTTAAA,gene60925,-,2105,AAGCAGTGGTATCAACGCAGAGTACTCTTTGGACTAACAGTTAAA,tag_gene60925_1123
gene60925_1273,ACATAGACGGGTGTGCTCTT,gene60925,-,1955,AAGCAGTGGTATCAACGCAGAGTACACATAGACGGGTGTGCTCTT,tag_gene60925_1273
gene60925_523,TATGCCCGCCTCTTCACGGG,gene60925,-,2705,AAGCAGTGGTATCAACGCAGAGTACTATGCCCGCCTCTTCACGGG,tag_gene60925_523
gene60925_150,CGGTCTGAACTCAGATCACG,gene60925,-,3078,AAGCAGTGGTATCAACGCAGAGTACCGGTCTGAACTCAGATCACG,tag_gene60925_150
gene60925_1423,ATTTTTCATCTTTCCCTTGC,gene60925,-,1805,AAGCAGTGGTATCAACGCAGAGTACATTTTTCATCTTTCCCTTGC,tag_gene60925_1423
F36,AATGGTTTGGCTAAGGTTGT,gene60925,-,1728,AAGCAGTGGTATCAACGCAGAGTACAATGGTTTGGCTAAGGTTGT,tag_F36
R12,ATGTCCTGATCCAACATCGAG,gene60925,-,3005,AAGCAGTGGTATCAACGCAGAGTACATGTCCTGATCCAACATCGAG,tag_R12
gene60926_0,TGTTAAGAAGAGGAATTGAA,gene60926,-,3303,AAGCAGTGGTATCAACGCAGAGTACTGTTAAGAAGAGGAATTGAA,tag_gene60926_0
gene60927_150,AGGGAGGTTAGAAGTAGGGT,gene60927,-,4111,AAGCAGTGGTATCAACGCAGAGTACAGGGAGGTTAGAAGTAGGGT,tag_gene60927_150
gene60927_855,CGTAGTTGTATATAGCCTAG,gene60927,-,3406,AAGCAGTGGTATCAACGCAGAGTACCGTAGTTGTATATAGCCTAG,tag_gene60927_855
gene60927_0,TAGGTTTGAGGGGGAATGCT,gene60927,-,4261,AAGCAGTGGTATCAACGCAGAGTACTAGGTTTGAGGGGGAATGCT,tag_gene60927_0
R13,AGAAGAGCGATGGTGAGAGC,gene60927,-,3556,AAGCAGTGGTATCAACGCAGAGTACAGAAGAGCGATGGTGAGAGC,tag_R13
gene60927_600,GATCAGAGGATTGAGTAAAC,gene60927,-,3661,AAGCAGTGGTATCAACGCAGAGTACGATCAGAGGATTGAGTAAAC,tag_gene60927_600
gene60927_450,TGTGTTGTGATAAGGGTGGA,gene60927,-,3811,AAGCAGTGGTATCAACGCAGAGTACTGTGTTGTGATAAGGGTGGA,tag_gene60927_450
gene60927_300,GGGCCTGCGGCGTATTCGAT,gene60927,-,3961,AAGCAGTGGTATCAACGCAGAGTACGGGCCTGCGGCGTATTCGAT,tag_gene60927_300
gene60928_0,TAGAAATAAGGGGGTTTAAG,gene60928,-,4330,AAGCAGTGGTATCAACGCAGAGTACTAGAAATAAGGGGGTTTAAG,tag_gene60928_0
gene60929_0,CTAGGACTATGAGAATCGAA,gene60929,+,4328,AAGCAGTGGTATCAACGCAGAGTACCTAGGACTATGAGAATCGAA,tag_gene60929_0
gene60930_0,TAGTACGGGAAGGGTATAAC,gene60930,-,4468,AAGCAGTGGTATCAACGCAGAGTACTAGTACGGGAAGGGTATAAC,tag_gene60930_0
gene60931_150,AGATTAGGCGTAGGTAGAAG,gene60931,-,5360,AAGCAGTGGTATCAACGCAGAGTACAGATTAGGCGTAGGTAGAAG,tag_gene60931_150
gene60931_0,ATAAGATTATTAGTATAAAA,gene60931,-,5510,AAGCAGTGGTATCAACGCAGAGTACATAAGATTATTAGTATAAAA,tag_gene60931_0
gene60931_750,TTATTAATGATGAGTATTGA,gene60931,-,4760,AAGCAGTGGTATCAACGCAGAGTACTTATTAATGATGAGTATTGA,tag_gene60931_750
gene60931_900,TTTTTTTGGTTAGAACTGGA,gene60931,-,4610,AAGCAGTGGTATCAACGCAGAGTACTTTTTTTGGTTAGAACTGGA,tag_gene60931_900
gene60931_600,AGGGAGAGATTTGGTATATG,gene60931,-,4910,AAGCAGTGGTATCAACGCAGAGTACAGGGAGAGATTTGGTATATG,tag_gene60931_600
gene60931_300,GGGTGGATGGAATTAAGGGT,gene60931,-,5210,AAGCAGTGGTATCAACGCAGAGTACGGGTGGATGGAATTAAGGGT,tag_gene60931_300
gene60931_450,GGTTGTACGGTAGAACTGCT,gene60931,-,5060,AAGCAGTGGTATCAACGCAGAGTACGGTTGTACGGTAGAACTGCT,tag_gene60931_450
gene60932_0,CAGAAATTAAGTATTGCAAC,gene60932,-,5578,AAGCAGTGGTATCAACGCAGAGTACCAGAAATTAAGTATTGCAAC,tag_gene60932_0
gene60933_0,TAAGGACTGCAAAACCCCAC,gene60933,+,5586,AAGCAGTGGTATCAACGCAGAGTACTAAGGACTGCAAAACCCCAC,tag_gene60933_0
F46,TAAGCACCCTAATCAACTGGC,gene60934,+,5699,AAGCAGTGGTATCAACGCAGAGTACTAAGCACCCTAATCAACTGGC,tag_F46
F62,ATATGAAAATCACCTCGGAGC,gene60935,+,5804,AAGCAGTGGTATCAACGCAGAGTACATATGAAAATCACCTCGGAGC,tag_F62
gene60936_0,TGGTAAAAAGAGGCCTAACC,gene60936,+,5825,AAGCAGTGGTATCAACGCAGAGTACTGGTAAAAAGAGGCCTAACC,tag_gene60936_0
R15,ATAGTGATGCCAGCAGCTAGG,gene60937,-,6525,AAGCAGTGGTATCAACGCAGAGTACATAGTGATGCCAGCAGCTAGG,tag_R15
gene60937_1219,GAGGGAGGTAAGAGTCAGAA,gene60937,-,6225,AAGCAGTGGTATCAACGCAGAGTACGAGGGAGGTAAGAGTCAGAA,tag_gene60937_1219
gene60937_640,GTGTCTACGTCTATTCCTAC,gene60937,-,6804,AAGCAGTGGTATCAACGCAGAGTACGTGTCTACGTCTATTCCTAC,tag_gene60937_640
gene60937_1369,ACGATAACGTTGTAGATGTG,gene60937,-,6075,AAGCAGTGGTATCAACGCAGAGTACACGATAACGTTGTAGATGTG,tag_gene60937_1369
gene60937_490,CCTACGGTGAAAAGAAAGAT,gene60937,-,6954,AAGCAGTGGTATCAACGCAGAGTACCCTACGGTGAAAAGAAAGAT,tag_gene60937_490
R16,TTTCATGTGGTGTATGCATCG,gene60937,-,7254,AAGCAGTGGTATCAACGCAGAGTACTTTCATGTGGTGTATGCATCG,tag_R16
gene60937_340,GAGAATAGGGGAAATCAGTG,gene60937,-,7104,AAGCAGTGGTATCAACGCAGAGTACGAGAATAGGGGAAATCAGTG,tag_gene60937_340
R22,AGTTACAATATGGGAGATTATTCC,gene60937,-,6679,AAGCAGTGGTATCAACGCAGAGTACAGTTACAATATGGGAGATTATTCC,tag_R22
gene60937_0,TCTAGATTTTATGTATACGG,gene60937,-,7444,AAGCAGTGGTATCAACGCAGAGTACTCTAGATTTTATGTATACGG,tag_gene60937_0
gene60937_1069,ATAGAGGAGACACCTGCTAG,gene60937,-,6375,AAGCAGTGGTATCAACGCAGAGTACATAGAGGAGACACCTGCTAG,tag_gene60937_1069
gene60938_0,CAAAAAAGGAAGGAATCGAA,gene60938,+,7445,AAGCAGTGGTATCAACGCAGAGTACCAAAAAAGGAAGGAATCGAA,tag_gene60938_0
gene60939_0,TAAGATATATAGGATTTAGC,gene60939,-,7584,AAGCAGTGGTATCAACGCAGAGTACTAAGATATATAGGATTTAGC,tag_gene60939_0
R17,GGGCAGGATAGTTCAGACGG,gene60940,-,7791,AAGCAGTGGTATCAACGCAGAGTACGGGCAGGATAGTTCAGACGG,tag_R17
R23,ATCTGTTTTTAAGCCTAATGTGG,gene60940,-,8103,AAGCAGTGGTATCAACGCAGAGTACATCTGTTTTTAAGCCTAATGTGG,tag_R23
gene60940_0,CTATAGGGTAAATACGGGCC,gene60940,-,8268,AAGCAGTGGTATCAACGCAGAGTACCTATAGGGTAAATACGGGCC,tag_gene60940_0
gene60940_627,CTCTTCTATGATAGGGGAAG,gene60940,-,7641,AAGCAGTGGTATCAACGCAGAGTACCTCTTCTATGATAGGGGAAG,tag_gene60940_627
gene60940_315,AAGTATGTAGGAGTTGAAGA,gene60940,-,7953,AAGCAGTGGTATCAACGCAGAGTACAAGTATGTAGGAGTTGAAGA,tag_gene60940_315
gene60941_0,TCACTGTAAAGAGGTGTTGG,gene60941,-,8363,AAGCAGTGGTATCAACGCAGAGTACTCACTGTAAAGAGGTGTTGG,tag_gene60941_0
gene60942_0,CTAGGATTGTGGGGGCAATG,gene60942,-,8571,AAGCAGTGGTATCAACGCAGAGTACCTAGGATTGTGGGGGCAATG,tag_gene60942_0
gene60942_150,TGTAAGGAGTATGGGGGTAA,gene60942,-,8421,AAGCAGTGGTATCAACGCAGAGTACTGTAAGGAGTATGGGGGTAA,tag_gene60942_150
gene60943_298,AAGTGGGCTAGGGCATTTTT,gene60943,-,8908,AAGCAGTGGTATCAACGCAGAGTACAAGTGGGCTAGGGCATTTTT,tag_gene60943_298
gene60943_0,TTATGTGTTGTCGTGCAGGT,gene60943,-,9206,AAGCAGTGGTATCAACGCAGAGTACTTATGTGTTGTCGTGCAGGT,tag_gene60943_0
gene60943_448,AAAATGATTAAGGATACTAG,gene60943,-,8758,AAGCAGTGGTATCAACGCAGAGTACAAAATGATTAAGGATACTAG,tag_gene60943_448
R19,GTGGCGCTTCCAATTAGGTG,gene60943,-,9058,AAGCAGTGGTATCAACGCAGAGTACGTGGCGCTTCCAATTAGGTG,tag_R19
gene60943_598,GGGGGAAATAGAATGATCAG,gene60943,-,8608,AAGCAGTGGTATCAACGCAGAGTACGGGGGAAATAGAATGATCAG,tag_gene60943_598
gene60944_0,AAGACCCTCATCAATAGATG,gene60944,-,9989,AAGCAGTGGTATCAACGCAGAGTACAAGACCCTCATCAATAGATG,tag_gene60944_0
R21,GAAAGTTGAGCCAATAATGACG,gene60944,-,9847,AAGCAGTGGTATCAACGCAGAGTACGAAAGTTGAGCCAATAATGACG,tag_R21
gene60944_442,CCCTCCTAATTGGGGGGTAG,gene60944,-,9547,AAGCAGTGGTATCAACGCAGAGTACCCCTCCTAATTGGGGGGTAG,tag_gene60944_442
R20,GTGCTTTCTCGTGTTACATCG,gene60944,-,9402,AAGCAGTGGTATCAACGCAGAGTACGTGCTTTCTCGTGTTACATCG,tag_R20
gene60944_292,AAGCAGTGCTTGAATTATTT,gene60944,-,9697,AAGCAGTGGTATCAACGCAGAGTACAAGCAGTGCTTGAATTATTT,tag_gene60944_292
gene60945_0,TACTCTTTTTTGAATGTTGT,gene60945,-,10057,AAGCAGTGGTATCAACGCAGAGTACTACTCTTTTTTGAATGTTGT,tag_gene60945_0
gene60946_275,AGTCAAAATGTAATAATTAT,gene60946,-,10128,AAGCAGTGGTATCAACGCAGAGTACAGTCAAAATGTAATAATTAT,tag_gene60946_275
R24,GGTAAAAGGAGGGCAATTTCT,gene60946,-,10278,AAGCAGTGGTATCAACGCAGAGTACGGTAAAAGGAGGGCAATTTCT,tag_R24
gene60946_0,ATTCGGTTCAGTCTAATCCT,gene60946,-,10403,AAGCAGTGGTATCAACGCAGAGTACATTCGGTTCAGTCTAATCCT,tag_gene60946_0
gene60947_0,TTGGTAAATATGATTATCAT,gene60947,-,10468,AAGCAGTGGTATCAACGCAGAGTACTTGGTAAATATGATTATCAT,tag_gene60947_0
gene60948_150,GAGGGTTATGAGAGTAGCTA,gene60948,-,10615,AAGCAGTGGTATCAACGCAGAGTACGAGGGTTATGAGAGTAGCTA,tag_gene60948_150
gene60948_0,TTAGCATTGGAGTAGGTTTA,gene60948,-,10765,AAGCAGTGGTATCAACGCAGAGTACTTAGCATTGGAGTAGGTTTA,tag_gene60948_0
gene60949_300,GTCATCAAAAAGCTATTAGT,gene60949,-,11836,AAGCAGTGGTATCAACGCAGAGTACGTCATCAAAAAGCTATTAGT,tag_gene60949_300
gene60949_687,GTACTATTGACCCAGCGATG,gene60949,-,11449,AAGCAGTGGTATCAACGCAGAGTACGTACTATTGACCCAGCGATG,tag_gene60949_687
gene60949_987,CCAAGGTGGGGATAAGTGTG,gene60949,-,11149,AAGCAGTGGTATCAACGCAGAGTACCCAAGGTGGGGATAAGTGTG,tag_gene60949_987
gene60949_837,GAGTGAGTAGTAGAATGTTT,gene60949,-,11299,AAGCAGTGGTATCAACGCAGAGTACGAGTGAGTAGTAGAATGTTT,tag_gene60949_837
gene60949_150,TGTAGAGGGAGTATAGGGCT,gene60949,-,11986,AAGCAGTGGTATCAACGCAGAGTACTGTAGAGGGAGTATAGGGCT,tag_gene60949_150
gene60949_450,TGAAGCTTCAGGGGGTTTGG,gene60949,-,11686,AAGCAGTGGTATCAACGCAGAGTACTGAAGCTTCAGGGGGTTTGG,tag_gene60949_450
gene60949_0,AAGAGGAAAACCCGGTAATG,gene60949,-,12136,AAGCAGTGGTATCAACGCAGAGTACAAGAGGAAAACCCGGTAATG,tag_gene60949_0
gene60949_1287,TGTGGGTGGTTGTGTTGATT,gene60949,-,10849,AAGCAGTGGTATCAACGCAGAGTACTGTGGGTGGTTGTGTTGATT,tag_gene60949_1287
R2,CTGTTTGTCGTAGGCAGATGG,gene60949,-,11599,AAGCAGTGGTATCAACGCAGAGTACCTGTTTGTCGTAGGCAGATGG,tag_R2
gene60949_1137,GGCTTGCCATGATTGTGAGG,gene60949,-,10999,AAGCAGTGGTATCAACGCAGAGTACGGCTTGCCATGATTGTGAGG,tag_gene60949_1137
gene60950_0,GGTAAATAAGGGGTCGTAAG,gene60950,-,12205,AAGCAGTGGTATCAACGCAGAGTACGGTAAATAAGGGGTCGTAAG,tag_gene60950_0
gene60951_0,TGAGAAAGCCATGTTGTTAG,gene60951,-,12264,AAGCAGTGGTATCAACGCAGAGTACTGAGAAAGCCATGTTGTTAG,tag_gene60951_0
gene60952_0,TACTTTTATTTGGAGTTGCA,gene60952,-,12335,AAGCAGTGGTATCAACGCAGAGTACTACTTTTATTTGGAGTTGCA,tag_gene60952_0
gene60953_450,AATGGGGTTTAGTAGGGTGG,gene60953,-,13697,AAGCAGTGGTATCAACGCAGAGTACAATGGGGTTTAGTAGGGTGG,tag_gene60953_450
R4,AGCGGATGAGTAAGAAGATTCC,gene60953,-,13122,AAGCAGTGGTATCAACGCAGAGTACAGCGGATGAGTAAGAAGATTCC,tag_R4
R11,ACGAACAATGCTACAGGGATG,gene60953,-,12622,AAGCAGTGGTATCAACGCAGAGTACACGAACAATGCTACAGGGATG,tag_R11
gene60953_600,TGTGTATGATATGTTTGCGG,gene60953,-,13547,AAGCAGTGGTATCAACGCAGAGTACTGTGTATGATATGTTTGCGG,tag_gene60953_600
R5,TTGAAGAAGGCGTGGGTACAG,gene60953,-,13342,AAGCAGTGGTATCAACGCAGAGTACTTGAAGAAGGCGTGGGTACAG,tag_R5
gene60953_300,GAGGTCTAGGGCTGTTAGAA,gene60953,-,13847,AAGCAGTGGTATCAACGCAGAGTACGAGGTCTAGGGCTGTTAGAA,tag_gene60953_300
R3,GATATCGCCGATACGGTTG,gene60953,-,12875,AAGCAGTGGTATCAACGCAGAGTACGATATCGCCGATACGGTTG,tag_R3
gene60953_750,TTGTTCATTGTTAAGGTTGT,gene60953,-,13397,AAGCAGTGGTATCAACGCAGAGTACTTGTTCATTGTTAAGGTTGT,tag_gene60953_750
gene60953_955,AGAGTGGTGATAGCGCCTAA,gene60953,-,13192,AAGCAGTGGTATCAACGCAGAGTACAGAGTGGTGATAGCGCCTAA,tag_gene60953_955
gene60953_1675,ATAATAAAGGTGGATGCGAC,gene60953,-,12472,AAGCAGTGGTATCAACGCAGAGTACATAATAAAGGTGGATGCGAC,tag_gene60953_1675
R9,GCTGTGTTGGCATCTGCTC,gene60953,-,12835,AAGCAGTGGTATCAACGCAGAGTACGCTGTGTTGGCATCTGCTC,tag_R9
gene60953_150,GTCTAGGAGGAGTAGGGGCA,gene60953,-,13997,AAGCAGTGGTATCAACGCAGAGTACGTCTAGGAGGAGTAGGGGCA,tag_gene60953_150
gene60953_0,TTATGTGATTAGGAGTAGGG,gene60953,-,14147,AAGCAGTGGTATCAACGCAGAGTACTTATGTGATTAGGAGTAGGG,tag_gene60953_0
gene60953_1175,GTGGGGTGAGGCTTGGATTA,gene60953,-,12972,AAGCAGTGGTATCAACGCAGAGTACGTGGGGTGAGGCTTGGATTA,tag_gene60953_1175
gene60953_1462,AACTGATTAATGTTTGGGTC,gene60953,-,12685,AAGCAGTGGTATCAACGCAGAGTACAACTGATTAATGTTTGGGTC,tag_gene60953_1462
F33,CCTTCATAAATTATTCAGCTTCCT,gene60954,+,14287,AAGCAGTGGTATCAACGCAGAGTACCCTTCATAAATTATTCAGCTTCCT,tag_F33
gene60954_0,CCTATTCCCCCGAGCAATCT,gene60954,+,14148,AAGCAGTGGTATCAACGCAGAGTACCCTATTCCCCCGAGCAATCT,tag_gene60954_0
gene60954_471,CCCCACAAACCCCATTACTA,gene60954,+,14619,AAGCAGTGGTATCAACGCAGAGTACCCCCACAAACCCCATTACTA,tag_gene60954_471
F21,TCCAAAGACAACCATCATTCC,gene60954,+,14469,AAGCAGTGGTATCAACGCAGAGTACTCCAAAGACAACCATCATTCC,tag_F21
F34,CAATGATATGAAAAACCATCGTT,gene60955,+,14700,AAGCAGTGGTATCAACGCAGAGTACCAATGATATGAAAAACCATCGTT,tag_F34
R10,GGATGGCGGATAGTAAGTTTGT,gene60956,-,15205,AAGCAGTGGTATCAACGCAGAGTACGGATGGCGGATAGTAAGTTTGT,tag_R10
gene60956_150,CTGCGGCTAGGAGTCAATAA,gene60956,-,15736,AAGCAGTGGTATCAACGCAGAGTACCTGCGGCTAGGAGTCAATAA,tag_gene60956_150
R6,TTATCGGAATGGGAGGTGATTC,gene60956,-,15395,AAGCAGTGGTATCAACGCAGAGTACTTATCGGAATGGGAGGTGATTC,tag_R6
gene60956_300,GAATTGTGTAGGCGAATAGG,gene60956,-,15586,AAGCAGTGGTATCAACGCAGAGTACGAATTGTGTAGGCGAATAGG,tag_gene60956_300
gene60956_981,GCATGGCTAGGAATAGTCCT,gene60956,-,14905,AAGCAGTGGTATCAACGCAGAGTACGCATGGCTAGGAATAGTCCT,tag_gene60956_981
gene60956_831,AATATAGGCCTCGCCCGATG,gene60956,-,15055,AAGCAGTGGTATCAACGCAGAGTACAATATAGGCCTCGCCCGATG,tag_gene60956_831
gene60956_0,AGGCCCATTTGAGTATTTTG,gene60956,-,15886,AAGCAGTGGTATCAACGCAGAGTACAGGCCCATTTGAGTATTTTG,tag_gene60956_0
gene60957_0,TGTCCTTGGAAAAAGGTTTT,gene60957,-,15952,AAGCAGTGGTATCAACGCAGAGTACTGTCCTTGGAAAAAGGTTTT,tag_gene60957_0
gene60958_0,TCAGAGAAAAAGTCTTTAAC,gene60958,+,15955,AAGCAGTGGTATCAACGCAGAGTACTCAGAGAAAAAGTCTTTAAC,tag_gene60958_0
F7,AAACCTACCGAGCCTGGTG,,+,1992,AAGCAGTGGTATCAACGCAGAGTACAAACCTACCGAGCCTGGTG,tag_F7
F28,GCCGCAGTACTCTTAAAACTAGG,,+,11452,AAGCAGTGGTATCAACGCAGAGTACGCCGCAGTACTCTTAAAACTAGG,tag_F28
F5,CTTGACCGCTCTGAGCTAAAC,,+,1656,AAGCAGTGGTATCAACGCAGAGTACCTTGACCGCTCTGAGCTAAAC,tag_F5
F57,GCAATTCCCGGACGTCTAAACCAAA,,+,8104,AAGCAGTGGTATCAACGCAGAGTACGCAATTCCCGGACGTCTAAACCAAA,tag_F57
R18,AAGTTAGCTTTACAGTGGGCTCTAG,,-,8310,AAGCAGTGGTATCAACGCAGAGTACAAGTTAGCTTTACAGTGGGCTCTAG,tag_R18
F8,GAGGAACAGCTCTTTGGACAC,,+,2104,AAGCAGTGGTATCAACGCAGAGTACGAGGAACAGCTCTTTGGACAC,tag_F8
F6,AAGCTAAGACCCCCGAAACC,,+,1891,AAGCAGTGGTATCAACGCAGAGTACAAGCTAAGACCCCCGAAACC,tag_F6
F24,CGCCTACACAATTCTCCGATC,,+,15573,AAGCAGTGGTATCAACGCAGAGTACCGCCTACACAATTCTCCGATC,tag_F24
F29,AGGACTCAACATACTAGTCACAGC,,+,11946,AAGCAGTGGTATCAACGCAGAGTACAGGACTCAACATACTAGTCACAGC,tag_F29
F70,CTACTCTCATAACCCTCAACACC,,+,10599,AAGCAGTGGTATCAACGCAGAGTACCTACTCTCATAACCCTCAACACC,tag_F70
F35,CAGGGTTGGTCAATTTCGT,,+,869,AAGCAGTGGTATCAACGCAGAGTACCAGGGTTGGTCAATTTCGT,tag_F35
F44,CCCTTTCACTTCTGAGTCCCAG,,+,4796,AAGCAGTGGTATCAACGCAGAGTACCCCTTTCACTTCTGAGTCCCAG,tag_F44
F11,GACTCCCTAAAGCCCATGTCG,,+,11402,AAGCAGTGGTATCAACGCAGAGTACGACTCCCTAAAGCCCATGTCG,tag_F11
F58,GCCATAATATGATTTATCTCCACA,,+,3849,AAGCAGTGGTATCAACGCAGAGTACGCCATAATATGATTTATCTCCACA,tag_F58
F4,CTCACCACCTCTTGCTCAGC,,+,1233,AAGCAGTGGTATCAACGCAGAGTACCTCACCACCTCTTGCTCAGC,tag_F4
F69,CGGCTTCGACCCTATATCC,,+,10174,AAGCAGTGGTATCAACGCAGAGTACCGGCTTCGACCCTATATCC,tag_F69
F9,TCGTCCCAACAATTATATTACTACCA,,+,10772,AAGCAGTGGTATCAACGCAGAGTACTCGTCCCAACAATTATATTACTACCA,tag_F9
F65,AAGATTAAGAGAACCAACACCTCT,,+,8331,AAGCAGTGGTATCAACGCAGAGTACAAGATTAAGAGAACCAACACCTCT,tag_F65
F52,CTGTTCGCTTCATTCATTGCC,,+,8538,AAGCAGTGGTATCAACGCAGAGTACCTGTTCGCTTCATTCATTGCC,tag_F52
F54,CCTGATACTGGCATTTTGTAGATGTGG,,+,9921,AAGCAGTGGTATCAACGCAGAGTACCCTGATACTGGCATTTTGTAGATGTGG,tag_F54
F22,TACTCACCAGACGCCTCAACCG,,+,14908,AAGCAGTGGTATCAACGCAGAGTACTACTCACCAGACGCCTCAACCG,tag_F22
F45,CACCATCACCCTCCTTAACC,,+,5317,AAGCAGTGGTATCAACGCAGAGTACCACCATCACCCTCCTTAACC,tag_F45
F53,TTTCACTTCCACTCCATAACGC,,+,9308,AAGCAGTGGTATCAACGCAGAGTACTTTCACTTCCACTCCATAACGC,tag_F53
F13,ACAGCCATTCTCATCCAAACCC,,+,11653,AAGCAGTGGTATCAACGCAGAGTACACAGCCATTCTCATCCAAACCC,tag_F13
F16,TTGCTCATCAGTTGATGATACG,,+,12792,AAGCAGTGGTATCAACGCAGAGTACTTGCTCATCAGTTGATGATACG,tag_F16
F56,CTAACCGTGCAAAGGTAGCA,,+,2578,AAGCAGTGGTATCAACGCAGAGTACCTAACCGTGCAAAGGTAGCA,tag_F56
F27,AACATATAACTGAACTCCTCACACC,,+,2237,AAGCAGTGGTATCAACGCAGAGTACAACATATAACTGAACTCCTCACACC,tag_F27
F3,CATCAAGCACGCAGCAATG,,+,755,AAGCAGTGGTATCAACGCAGAGTACCATCAAGCACGCAGCAATG,tag_F3
F67,TCATCTTCACAATTCTAATTCTACTG,,+,9097,AAGCAGTGGTATCAACGCAGAGTACTCATCTTCACAATTCTAATTCTACTG,tag_F67
F49,GAGGCTTCATTCACTGATTTCC,,+,7074,AAGCAGTGGTATCAACGCAGAGTACGAGGCTTCATTCACTGATTTCC,tag_F49
F19,TTTCTCCAACATACTCGGATTC,,+,13898,AAGCAGTGGTATCAACGCAGAGTACTTTCTCCAACATACTCGGATTC,tag_F19
F2,GGTTGGTCAATTTCGTGCCAG,,+,872,AAGCAGTGGTATCAACGCAGAGTACGGTTGGTCAATTTCGTGCCAG,tag_F2
F1,CCGCTTCTGGCCACAGCACT,,+,313,AAGCAGTGGTATCAACGCAGAGTACCCGCTTCTGGCCACAGCACT,tag_F1
F41,CCCTAGCATTACTTATATGATATGTCTCCATACCCATTACAATCTCC,,+,4195,AAGCAGTGGTATCAACGCAGAGTACCCCTAGCATTACTTATATGATATGTCTCCATACCCATTACAATCTCC,tag_F41
F39,AGATGGCAGAGCCCGGTAATC,,+,3233,AAGCAGTGGTATCAACGCAGAGTACAGATGGCAGAGCCCGGTAATC,tag_F39
F40,ACTACAACCCTTCGCTGACG,,+,3440,AAGCAGTGGTATCAACGCAGAGTACACTACAACCCTTCGCTGACG,tag_F40
F59,AAACCCTCGTTCCACAGAA,,+,4612,AAGCAGTGGTATCAACGCAGAGTACAAACCCTCGTTCCACAGAA,tag_F59
F37,GGCATTATCCTCCTGCTTGCAACTAT,,+,15091,AAGCAGTGGTATCAACGCAGAGTACGGCATTATCCTCCTGCTTGCAACTAT,tag_F37
F71,ATTAAACCAGACCCAGCTACG,,+,-1,AAGCAGTGGTATCAACGCAGAGTACATTAAACCAGACCCAGCTACG,tag_F71
F17,CACTCTGTTCGCAGCAGTATG,,+,-1,AAGCAGTGGTATCAACGCAGAGTACCACTCTGTTCGCAGCAGTATG,tag_F17
F10,AACGCCACTTATCCAGTGAACC,,+,11000,AAGCAGTGGTATCAACGCAGAGTACAACGCCACTTATCCAGTGAACC,tag_F10
F51,CGGTCAATGCTCTGAAATCTGTG,,+,8163,AAGCAGTGGTATCAACGCAGAGTACCGGTCAATGCTCTGAAATCTGTG,tag_F51
F50,TTCCCACAACACTTTCTCGGCC,,+,7178,AAGCAGTGGTATCAACGCAGAGTACTTCCCACAACACTTTCTCGGCC,tag_F50
F12,CATCTGCCTACGACAAACA,,+,11580,AAGCAGTGGTATCAACGCAGAGTACCATCTGCCTACGACAAACA,tag_F12
F42,TCAGGCTTCAACATCGAATACG,,+,3930,AAGCAGTGGTATCAACGCAGAGTACTCAGGCTTCAACATCGAATACG,tag_F42
R7,CGGTTGTTGATGGGTGAGTC,,-,16083,AAGCAGTGGTATCAACGCAGAGTACCGGTTGTTGATGGGTGAGTC,tag_R7
F23,AGTCCCACCCTCACACGATTC,,+,15259,AAGCAGTGGTATCAACGCAGAGTACAGTCCCACCCTCACACGATTC,tag_F23
F14,AACCACGTTCTCCTGATCAAA,,+,11907,AAGCAGTGGTATCAACGCAGAGTACAACCACGTTCTCCTGATCAAA,tag_F14
F30,GCCATACTAGTCTTTGCCGC,,+,10652,AAGCAGTGGTATCAACGCAGAGTACGCCATACTAGTCTTTGCCGC,tag_F30
F32,CTAACAGGTCAACCTCGCTTCC,,+,13626,AAGCAGTGGTATCAACGCAGAGTACCTAACAGGTCAACCTCGCTTCC,tag_F32
F25,AAATGGGCCTGTCCTTGTAG,,+,15877,AAGCAGTGGTATCAACGCAGAGTACAAATGGGCCTGTCCTTGTAG,tag_F25
R14,GCTGAGTGAAGCATTGGACTG,,-,5881,AAGCAGTGGTATCAACGCAGAGTACGCTGAGTGAAGCATTGGACTG,tag_R14
F47,CGCATCTGCTATAGTGGAGG,,+,6241,AAGCAGTGGTATCAACGCAGAGTACCGCATCTGCTATAGTGGAGG,tag_F47
F48,GCCATAACCCAATACCAAACG,,+,6425,AAGCAGTGGTATCAACGCAGAGTACGCCATAACCCAATACCAAACG,tag_F48
F61,CAACGTAAAAATAAAATGACAGTT,,+,5395,AAGCAGTGGTATCAACGCAGAGTACCAACGTAAAAATAAAATGACAGTT,tag_F61
F31,AAAGACCACATCATCGAAACC,,+,13509,AAGCAGTGGTATCAACGCAGAGTACAAAGACCACATCATCGAAACC,tag_F31
F68,TCGAGTCTCCCTTCACCATT,,+,9750,AAGCAGTGGTATCAACGCAGAGTACTCGAGTCTCCCTTCACCATT,tag_F68
F72,AGCATATTTCACCTCCGCTAC,,+,6808,AAGCAGTGGTATCAACGCAGAGTACAGCATATTTCACCTCCGCTAC,tag_F72
F18,CATCATCGAAACCGCAAAC,,+,13517,AAGCAGTGGTATCAACGCAGAGTACCATCATCGAAACCGCAAAC,tag_F18
F60,GATGAATAATAGCAGTTCTACCGT,,+,5031,AAGCAGTGGTATCAACGCAGAGTACGATGAATAATAGCAGTTCTACCGT,tag_F60
F55,ACTACCACAACTCAACGGCTAC,,+,10126,AAGCAGTGGTATCAACGCAGAGTACACTACCACAACTCAACGGCTAC,tag_F55
F63,CGCAAGTAGGTCTACAAGACG,,+,7598,AAGCAGTGGTATCAACGCAGAGTACCGCAAGTAGGTCTACAAGACG,tag_F63
F43,CCCATCCTAAAGTAAGGTCAGC,,+,4391,AAGCAGTGGTATCAACGCAGAGTACCCCATCCTAAAGTAAGGTCAGC,tag_F43
F20,ACAAACAATGGTCAACCAGTAAC,,+,-1,AAGCAGTGGTATCAACGCAGAGTACACAAACAATGGTCAACCAGTAAC,tag_F20
F26,GTGGCAAGAAATGGGCTAC,,+,1347,AAGCAGTGGTATCAACGCAGAGTACGTGGCAAGAAATGGGCTAC,tag_F26
F38,CGACCTCGATGTTGGATCAGGACA,,+,2981,AAGCAGTGGTATCAACGCAGAGTACCGACCTCGATGTTGGATCAGGACA,tag_F38
F66,AACAACCGACTAATCACCACCCAACAATG,,+,8640,AAGCAGTGGTATCAACGCAGAGTACAACAACCGACTAATCACCACCCAACAATG,tag_F66
F15,TTCATCCCTGTAGCATTGTTCG,,+,12600,AAGCAGTGGTATCAACGCAGAGTACTTCATCCCTGTAGCATTGTTCG,tag_F15
F64,CTAATCTTCAACTCCTACATACTTCC,,+,7930,AAGCAGTGGTATCAACGCAGAGTACCTAATCTTCAACTCCTACATACTTCC,tag_F64
